1,AC101,YYZ,07:15 EST,YVR,09:18 PST,497
2,AC1047,PSP,19:05 PST,YVR,22:03 PST,146
3,AC110,YVR,10:30 PST,YYZ,17:57 EST,579
4,AC1121,YYZ,08:00 EST,YXE,10:38 CST,232
5,AC11,YUL,13:05 EST,PVG,16:25 CST,1833
6,AC126,YVR,22:55 PST,YYZ,06:15 EST,675
7,AC129,YYZ,22:30 EST,YVR,00:50 PST,148
8,AC133,YYZ,07:00 EST,YYC,09:25 MST,165
9,AC158,YYC,00:30 MST,YYZ,06:15 EST,7
10,AC15,YYZ,10:00 EST,HKG,14:45 HKT,301
11,AC1606,YUL,16:15 EST,FLL,19:53 EST,1312
12,AC1607,FLL,16:45 EST,YUL,20:04 EST,4223
13,AC1654,YYZ,10:00 EST,TPA,12:44 EST,2682
14,AC1658,YYZ,16:30 EST,TPA,19:14 EST,417
15,AC1683,YYZ,20:35 EST,YYJ,22:55 PST,966
16,AC16,HKG,16:30 HKT,YYZ,18:20 EST,2859
17,AC1703,YDF,05:15 NST,YYZ,07:02 EST,104
18,AC1704,YYZ,21:55 EST,YDF,02:01 NST,239
19,AC1721,MBJ,14:00 EST,YUL,18:20 EST,292
20,AC1747,VRA,21:05 CST,YUL,00:40 EST,70
21,AC1749,CZM,14:05 EST,YUL,18:05 EST,4
22,AC174,YEG,17:55 MST,YYZ,23:36 EST,1245
23,AC178,YEG,00:20 MST,YYZ,06:00 EST,741
24,AC17,YVR,11:35 PST,TPE,16:30 CST,989
25,AC1806,YYZ,17:20 EST,SJO,21:30 CST,317
26,AC1823,POP,21:25 AST,YUL,00:40 EST,12
27,AC1853,YYZ,20:30 EST,LAS,22:23 PST,755
28,AC1854,LAS,23:35 PST,YYZ,06:41 EST,2155
29,AC1858,LAS,23:35 PST,YUL,07:09 EST,5375
30,AC1863,LAS,19:50 PST,YEG,23:55 MST,2825
31,AC1876,YYZ,20:15 EST,HAV,23:50 CST,1033
32,AC1883,CUN,14:35 EST,YUL,18:40 EST,823
33,AC1886,SAN,11:45 PST,YYZ,19:19 EST,106
34,AC1914,YYZ,20:20 EST,BCN,10:10 CET,57
35,AC1916,YYZ,22:55 EST,LIS,11:15 WET,237
36,AC1978,YUL,07:00 EST,PUJ,12:30 AST,2002
37,AC1,YYZ,13:35 EST,HND,16:55 JST,5001
38,AC202,YVR,08:20 PST,YYC,10:42 MST,3135
39,AC207,YYC,09:00 MST,YVR,09:35 PST,456
40,AC212,YVR,12:25 PST,YYC,14:51 MST,13
41,AC230,YVR,22:10 PST,YYC,00:32 MST,1112
42,AC231,YYC,21:15 MST,YVR,21:50 PST,1205
43,AC240,YVR,12:30 PST,YEG,14:59 MST,853
44,AC248,YVR,20:55 PST,YEG,23:24 MST,562
45,AC256,YWG,06:15 CST,YYZ,09:38 EST,3195
46,AC25,YVR,12:00 PST,PVG,16:00 CST,1109
47,AC261,YYZ,10:15 EST,YWG,11:54 CST,184
48,AC271,YYZ,21:55 EST,YWG,23:34 CST,1853
49,AC27,YYZ,12:25 EST,PVG,16:10 CST,2537
50,AC29,YVR,12:40 PST,PEK,16:00 CST,2166
51,AC301,YUL,07:20 EST,YVR,09:52 PST,19
52,AC308,YVR,23:15 PST,YUL,07:10 EST,695
53,AC311,YUL,20:50 EST,YVR,23:41 PST,842
54,AC31,YYZ,14:20 EST,PEK,16:45 CST,2187
55,AC335,YHZ,16:20 AST,YUL,17:01 EST,1203
56,AC341,YOW,07:00 EST,YVR,09:33 PST,619
57,AC352,YYC,19:20 MST,YOW,01:02 EST,326
58,AC35,YVR,23:30 PST,BNE,08:15 AEST,616
59,AC37,YVR,22:45 PST,MEL,10:05 AEDT,3102
60,AC381,YYZ,21:35 EST,YMM,23:47 MST,3903
61,AC382,YMM,00:40 MST,YYZ,06:32 EST,256
62,AC3,YVR,13:45 PST,NRT,16:40 JST,1249
63,AC406,YYZ,10:00 EST,YUL,11:14 EST,1853
64,AC413,YUL,13:00 EST,YYZ,14:30 EST,270
65,AC418,YYZ,16:00 EST,YUL,17:14 EST,1778
66,AC421,YUL,17:00 EST,YYZ,18:30 EST,41
67,AC430,YYZ,23:10 EST,YUL,00:24 EST,1067
68,AC43,DEL,00:45 IST,YYZ,05:05 EST,359
69,AC451,YOW,12:00 EST,YYZ,13:12 EST,31
70,AC459,YOW,16:00 EST,YYZ,17:15 EST,1624
71,AC460,YYZ,17:10 EST,YOW,18:11 EST,590
72,AC470,YYZ,23:10 EST,YOW,00:11 EST,1958
73,AC471,YOW,05:25 EST,YYZ,06:43 EST,1612
74,AC47,BOM,23:45 IST,YYZ,05:25 EST,873
75,AC481,YUL,06:00 EST,YYZ,07:26 EST,63
76,AC485,YUL,06:30 EST,YYZ,08:00 EST,449
77,AC500,ORD,06:15 CST,YYZ,08:46 EST,518
78,AC504,ORD,10:00 CST,YYZ,12:31 EST,11
79,AC516,HNL,13:55 HST,YVR,21:40 PST,495
80,AC518,HNL,23:25 HST,YVR,07:10 PST,601
81,AC519,YVR,17:50 PST,HNL,22:24 HST,34
82,AC527,BOS,19:05 EST,YYZ,21:00 EST,4627
83,AC537,YVR,18:30 PST,OGG,22:51 HST,463
84,AC549,EWR,18:15 EST,YVR,21:04 PST,56
85,AC551,LAX,07:00 PST,YVR,10:01 PST,43
86,AC568,YVR,20:05 PST,SFO,22:33 PST,4
87,AC57,DXB,23:55 GST,YYZ,05:05 EST,93
88,AC603,YHZ,05:25 AST,YYZ,06:55 EST,51
89,AC609,YHZ,08:00 AST,YYZ,09:30 EST,1033
90,AC61,LHR,09:00 GMT,YYZ,11:55 EST,87
91,AC61,YYZ,13:35 EST,ICN,17:35 KST,144
92,AC621,YHZ,19:10 AST,YYZ,20:45 EST,12
93,AC63,YVR,12:05 PST,ICN,16:20 KST,325
94,AC689,YYT,05:00 NST,YYZ,07:12 EST,276
95,AC7085,BOS,17:30 EST,BED,17:44 EST,253
96,AC709,LGA,11:20 EST,YYZ,12:56 EST,1788
97,AC718,YYZ,16:35 EST,LGA,18:03 EST,155
98,AC7212,YQL,05:10 MST,YYC,06:08 MST,32
99,AC7214,YQL,10:05 MST,YYC,11:03 MST,411
100,AC7234,YXH,16:05 MST,YYC,17:15 MST,614
101,AC7237,YYC,09:15 MST,YXC,10:17 MST,149
102,AC7317,YYZ,16:05 EST,RDU,17:55 EST,3046
103,AC7365,YYZ,16:55 EST,DTW,18:09 EST,826
104,AC7398,YYZ,10:10 EST,JAX,12:52 EST,853
105,AC7512,YYZ,22:10 EST,YQB,23:49 EST,1964
106,AC7517,YYG,06:00 AST,YYZ,07:37 EST,324
107,AC7535,PHL,10:40 EST,YYZ,12:15 EST,29
108,AC754,SFO,22:40 PST,YYZ,06:28 EST,1716
109,AC7561,YUL,05:30 EST,YYZ,07:00 EST,906
110,AC7562,YYZ,00:30 EST,YUL,01:47 EST,1658
111,AC7563,YHZ,11:55 AST,YUL,12:41 EST,3656
112,AC7662,DFW,06:15 CST,YYZ,10:09 EST,340
113,AC7665,YYZ,13:00 EST,DFW,15:27 CST,847
114,AC7759,YQM,06:20 AST,YHZ,07:05 AST,625
115,AC7760,YHZ,12:55 AST,YQM,13:40 AST,1133
116,AC7774,YFC,06:30 AST,YHZ,07:26 AST,2065
117,AC7782,YQX,05:00 NST,YYT,05:55 NST,125
118,AC7787,YYT,21:45 NST,YQX,22:37 NST,1014
119,AC7789,YYT,06:25 NST,YDF,07:45 NST,1866
120,AC7793,YDF,19:10 NST,YYR,20:11 AST,1737
121,AC7793,YYT,17:35 NST,YDF,18:55 NST,88
122,AC7794,YDF,19:45 NST,YYT,20:57 NST,6
123,AC7794,YYR,17:30 AST,YDF,19:28 NST,1134
124,AC7807,YYR,20:30 AST,YQX,22:45 NST,65
125,AC788,LAX,22:15 PST,YYZ,05:40 EST,369
126,AC7961,YUL,11:30 EST,YTZ,12:40 EST,152
127,AC7971,YUL,16:30 EST,YTZ,17:40 EST,1035
128,AC7985,YYZ,17:05 EST,YZR,18:14 EST,710
129,AC7991,YUL,07:40 EST,DEN,09:55 MST,468
130,AC7992,DEN,10:30 MST,YUL,16:06 EST,5796
131,AC7,YVR,12:10 PST,HKG,17:50 HKT,62
132,AC8001,YGK,05:35 EST,YYZ,06:40 EST,1448
133,AC8012,YYZ,16:00 EST,YGK,16:58 EST,1215
134,AC8015,YYT,05:05 NST,YUL,06:34 EST,2930
135,AC8025,BDL,16:10 EST,YYZ,18:17 EST,810
136,AC8038,YVR,10:20 PST,ORD,16:17 CST,104
137,AC8044,YOW,07:00 EST,BOS,08:28 EST,157
138,AC8049,BOS,18:05 EST,YOW,19:28 EST,548
139,AC8059,YVR,09:25 PST,YYJ,09:55 PST,718
140,AC8070,YYJ,15:10 PST,YVR,15:40 PST,833
141,AC8081,YVR,21:55 PST,YYJ,22:25 PST,560
142,AC8087,YVR,23:00 PST,YYJ,23:30 PST,1287
143,AC808,YUL,19:10 EST,CMN,08:10 WET,172
144,AC8100,SEA,20:40 PST,YVR,21:38 PST,973
145,AC8104,YYC,17:30 MST,IAH,22:23 CST,785
146,AC8125,YVR,13:45 PST,PDX,14:57 PST,109
147,AC8173,IAD,16:40 EST,YUL,18:24 EST,2
148,AC8177,YVR,22:30 PST,YXJ,01:14 MST,595
149,AC8190,YVR,08:50 PST,YKA,09:39 PST,964
150,AC8213,YVR,21:30 PST,YXS,22:46 PST,234
151,AC8224,YZF,20:25 MST,YYC,22:53 MST,4343
152,AC8244,YVR,21:40 PST,YXT,23:19 PST,11
153,AC824,YYZ,20:05 EST,AMS,09:40 CET,4480
154,AC8262,YCD,13:25 PST,YVR,13:52 PST,2743
155,AC8269,YVR,22:30 PST,YCD,22:56 PST,932
156,AC8281,YPR,20:10 PST,YVR,22:05 PST,1520
157,AC8288,YTS,16:20 EST,YYZ,18:04 EST,353
158,AC828,YUL,20:45 EST,LYS,10:00 CET,19
159,AC8291,YYZ,22:20 EST,YTS,00:02 EST,2892
160,AC8298,YWG,22:15 CST,YQT,00:43 EST,1181
161,AC8311,YVR,20:40 PST,YQQ,21:21 PST,2415
162,AC8319,YYZ,21:55 EST,YAM,23:33 EST,420
163,AC832,YUL,19:15 EST,BRU,08:00 CET,194
164,AC8333,YWG,12:30 CST,YYC,13:44 MST,4017
165,AC8334,YYC,12:50 MST,YWG,15:46 CST,1074
166,AC834,YUL,20:45 EST,GVA,10:05 CET,125
167,AC8350,YVR,08:50 PST,YYF,09:45 PST,32
168,AC8356,YVR,21:55 PST,YYF,22:50 PST,57
169,AC8363,YEG,06:45 MST,YQU,08:06 MST,2077
170,AC836,YYZ,22:05 EST,MAD,11:35 CET,2700
171,AC8372,YMM,09:05 MST,YYC,10:38 MST,40
172,AC837,MAD,13:05 CET,YYZ,15:40 EST,3582
173,AC8416,YVR,15:10 PST,YLW,16:06 PST,176
174,AC842,YYZ,21:00 EST,DUB,08:35 GMT,3056
175,AC8450,YOW,09:15 EST,DCA,10:57 EST,1276
176,AC8451,DCA,06:59 EST,YOW,08:31 EST,75
177,AC846,YYZ,20:05 EST,MUC,09:50 CET,916
178,AC848,YYZ,20:30 EST,LHR,08:30 GMT,1462
179,AC8498,YQG,05:50 EST,YYZ,06:54 EST,446
180,AC849,LHR,15:00 GMT,YYZ,17:55 EST,613
181,AC84,YYZ,16:50 EST,TLV,10:15 IST,2194
182,AC850,YYC,18:35 MST,LHR,10:10 GMT,2705
183,AC8512,YYG,05:15 AST,YUL,05:58 EST,161
184,AC8518,YEG,18:15 MST,YWG,21:27 CST,3676
185,AC8524,YWG,09:35 CST,YOW,12:58 EST,72
186,AC8526,YWG,16:25 CST,YOW,19:48 EST,765
187,AC8530,YQT,05:00 EST,YYZ,06:55 EST,3398
188,AC8547,YYZ,22:10 EST,YQT,00:20 EST,159
189,AC854,YVR,18:00 PST,LHR,11:20 GMT,334
190,AC8558,YYJ,19:55 PST,YYC,22:27 MST,3159
191,AC8560,YVR,08:05 PST,YYD,09:57 PST,535
192,AC856,YYZ,18:35 EST,LHR,06:30 GMT,56
193,AC8579,YYC,08:00 MST,SFO,09:57 PST,145
194,AC857,LHR,12:00 GMT,YYZ,14:55 EST,1761
195,AC8581,YXE,06:00 CST,YYC,06:23 MST,1285
196,AC8588,YYC,22:05 MST,YXE,00:20 CST,31
197,AC858,YYZ,23:55 EST,LHR,11:50 GMT,584
198,AC8602,YSB,05:50 EST,YYZ,06:53 EST,214
199,AC8615,YYZ,22:10 EST,YSB,23:16 EST,8
200,AC8622,YVR,15:00 PST,YWG,19:35 CST,2057
201,AC8623,YWG,19:30 CST,YVR,20:38 PST,242
202,AC864,YUL,19:50 EST,LHR,07:30 GMT,87
203,AC8657,YYZ,22:55 EST,YXU,23:39 EST,313
204,AC8679,YYZ,22:15 EST,YYB,23:19 EST,349
205,AC8681,YBG,05:30 EST,YUL,06:45 EST,93
206,AC8701,YQB,05:30 EST,YUL,06:22 EST,1157
207,AC8703,YQB,06:30 EST,YUL,07:22 EST,85
208,AC8708,YUL,09:30 EST,YQB,10:23 EST,958
209,AC8709,YQB,11:00 EST,YUL,11:52 EST,595
210,AC870,YUL,19:55 EST,CDG,08:45 CET,6760
211,AC871,CDG,13:05 CET,YUL,14:40 EST,137
212,AC8732,YUL,23:20 EST,YQB,00:13 EST,213
213,AC8739,ZBF,05:40 AST,YUL,06:35 EST,1330
214,AC8743,YEG,16:15 MST,SFO,18:15 PST,611
215,AC8750,YUY,06:00 EST,YVO,06:26 EST,75
216,AC8750,YVO,06:50 EST,YUL,08:03 EST,3904
217,AC8756,YUY,11:05 EST,YUL,12:24 EST,60
218,AC875,FRA,10:05 CET,YUL,12:05 EST,693
219,AC876,YYZ,21:40 EST,FRA,11:10 CET,600
220,AC879,ZRH,09:25 CET,YYZ,12:35 EST,819
221,AC8807,YQY,06:30 AST,YHZ,07:30 AST,14
222,AC880,YYZ,20:45 EST,CDG,09:55 CET,3
223,AC8811,YQY,13:00 AST,YHZ,14:00 AST,47
224,AC8820,YHM,16:55 EST,YUL,18:07 EST,694
225,AC8821,YUL,15:00 EST,YHM,16:24 EST,675
226,AC882,YYZ,21:00 EST,CPH,10:35 CET,1165
227,AC8841,YVR,20:35 PST,YZF,00:04 MST,1870
228,AC8875,YYZ,22:55 EST,YQG,23:59 EST,898
229,AC8881,YDF,06:20 NST,YHZ,07:25 AST,1232
230,AC888,YOW,21:20 EST,LHR,09:20 GMT,3049
231,AC8891,YVR,21:20 PST,YXY,23:45 PST,2002
232,AC8893,YHZ,08:15 AST,BOS,09:00 EST,198
233,AC8894,BOS,09:40 EST,YHZ,12:15 AST,2953
234,AC8901,YQM,05:45 AST,YUL,06:35 EST,478
235,AC890,YYZ,18:55 EST,FCO,09:20 CET,159
236,AC8931,YQM,05:00 AST,YYZ,06:52 EST,3428
237,AC8944,YYZ,22:10 EST,YQM,01:27 AST,381
238,AC8945,YSJ,05:05 AST,YYZ,06:43 EST,344
239,AC894,YYZ,19:15 EST,MXP,09:15 CET,310
240,AC8953,YFC,05:10 AST,YYZ,06:41 EST,137
241,AC8970,YOW,05:45 EST,YUL,06:37 EST,650
242,AC8991,YYT,05:45 NST,YHZ,07:24 AST,22
243,AC8992,YHZ,11:50 AST,YYT,14:06 NST,3028
244,AC8995,YYT,14:40 NST,YHZ,16:19 AST,1685
245,AC91,GRU,21:45 BRST,YYZ,05:00 EST,135
246,AC92,YYZ,20:05 EST,SCL,08:25 CLST,3371
247,AC932,YVR,08:45 PST,CUN,17:35 EST,27
248,AC94,YYZ,19:20 EST,EZE,08:05 ART,119
249,ACA606,YYZ,10:55 EST,YHZ,13:56 AST,78
250,AF1001,MAD,10:00 CET,CDG,12:10 CET,2008
251,AF1004,CDG,21:20 CET,FCO,23:25 CET,1142
252,AF1005,FCO,06:10 CET,CDG,08:20 CET,1505
253,AF1006,CDG,18:15 CET,DUS,19:30 CET,2096
254,AF1011,NUE,09:40 CET,CDG,11:15 CET,1072
255,AF1016,CDG,21:10 CET,DUB,22:05 GMT,259
256,AF1019,FRA,06:50 CET,CDG,08:15 CET,872
257,AF1023,MUC,20:35 CET,CDG,22:20 CET,155
258,AF1025,LIS,12:10 WET,CDG,15:45 CET,267
259,AF1028,CDG,21:00 CET,BLQ,22:35 CET,527
260,AF1029,BLQ,07:00 CET,CDG,08:50 CET,470
261,AF1032,CDG,20:45 CET,ATH,00:55 EET,543
262,AF1046,CDG,14:10 CET,WAW,16:25 CET,1232
263,AF1058,CDG,10:15 CET,NCL,11:10 GMT,168
264,AF1061,EVN,09:20 AMT,CDG,12:00 CET,501
265,AF1066,CDG,07:10 CET,FLR,09:00 CET,1672
266,AF1067,FLR,09:45 CET,CDG,11:35 CET,127
267,AF1089,OTP,08:06 EET,CDG,10:31 CET,898
268,AF1103,TRN,10:35 CET,CDG,12:10 CET,0
269,AF1104,CDG,10:05 CET,FCO,12:10 CET,1213
270,AF1105,FCO,13:05 CET,CDG,15:20 CET,341
271,AF1107,DUS,06:45 CET,CDG,08:05 CET,284
272,AF111,PVG,00:10 CST,CDG,05:55 CET,6229
273,AF1121,TLV,01:00 IST,CDG,05:10 CET,4343
274,AF1122,CDG,20:45 CET,MUC,22:20 CET,692
275,AF1127,VCE,09:55 CET,CDG,11:50 CET,864
276,AF1134,CDG,20:45 CET,TXL,22:25 CET,3036
277,AF1142,CDG,15:00 CET,GVA,16:15 CET,2068
278,AF1144,CDG,18:55 CET,SVO,00:40 MSK,2646
279,AF1145,SVO,09:45 MSK,CDG,12:10 CET,72
280,AF1146,CDG,09:45 CET,WAW,12:00 CET,722
281,AF1149,BCN,09:40 CET,CDG,11:40 CET,516
282,AF1168,CDG,18:20 CET,MAN,18:50 GMT,195
283,AF116,CDG,23:25 CET,PVG,17:45 CST,3424
284,AF117,PVG,11:00 CST,CDG,16:45 CET,2579
285,AF1184,CDG,13:50 CET,TUN,16:15 CET,957
286,AF1205,FCO,09:50 CET,CDG,12:05 CET,539
287,AF1229,BLQ,10:25 CET,CDG,12:10 CET,601
288,AF1238,CDG,17:25 CET,VIE,19:20 CET,351
289,AF1243,GVA,07:20 CET,CDG,08:35 CET,1140
290,AF1247,WAW,06:35 CET,CDG,09:10 CET,3680
291,AF1248,CDG,17:50 CET,BCN,19:30 CET,73
292,AF1252,CDG,14:35 CET,BGO,16:50 CET,116
293,AF1253,BGO,17:40 CET,CDG,20:00 CET,159
294,AF1262,CDG,09:15 CET,ARN,11:50 CET,4366
295,AF1267,FLR,06:30 CET,CDG,08:20 CET,1096
296,AF1274,CDG,21:10 CET,OSL,23:35 CET,2392
297,AF128,CDG,13:25 CET,PEK,06:40 CST,526
298,AF1290,CDG,13:45 CET,CTA,16:20 CET,23
299,AF1300,CDG,09:35 CET,MAD,11:40 CET,514
300,AF1311,NUE,06:15 CET,CDG,07:55 CET,234
301,AF1320,CDG,23:25 CET,TLV,04:55 IST,2609
302,AF1321,TLV,07:30 IST,CDG,11:40 CET,28
303,AF1325,BRE,10:25 CET,CDG,12:00 CET,830
304,AF1326,CDG,21:20 CET,VCE,23:00 CET,28
305,AF1339,HAJ,09:55 CET,CDG,11:40 CET,734
306,AF1341,AMS,10:20 CET,CDG,11:35 CET,4197
307,AF1341,AMS,14:40 CET,CDG,15:55 CET,78
308,AF1343,GVA,18:15 CET,CDG,19:30 CET,4061
309,AF1348,CDG,09:30 CET,BCN,11:10 CET,22
310,AF1350,CDG,21:20 CET,CPH,23:15 CET,3850
311,AF1351,CPH,06:10 CET,CDG,08:15 CET,158
312,AF1354,CDG,21:00 CET,ALG,23:20 CET,0
313,AF1358,CDG,21:00 CET,RBA,23:55 WET,734
314,AF1366,CDG,09:35 CET,FLR,11:20 CET,366
315,AF1368,CDG,09:40 CET,WRO,11:40 CET,3631
316,AF1375,OSL,17:00 CET,CDG,19:35 CET,155
317,AF1383,PRG,09:55 CET,CDG,11:45 CET,167
318,AF1395,BUD,09:45 CET,CDG,12:10 CET,128
319,AF1400,CDG,21:00 CET,MAD,23:05 CET,1292
320,AF1409,STR,11:10 CET,CDG,12:35 CET,1979
321,AF1410,CDG,07:10 CET,HAM,08:45 CET,947
322,AF1415,ZRH,06:45 CET,CDG,08:05 CET,420
323,AF1423,MUC,09:40 CET,CDG,11:25 CET,1515
324,AF1426,CDG,09:35 CET,VCE,11:15 CET,727
325,AF1429,BLQ,14:35 CET,CDG,16:20 CET,4167
326,AF1443,GVA,15:00 CET,CDG,16:15 CET,2
327,AF1448,CDG,21:10 CET,BCN,22:55 CET,1613
328,AF1462,CDG,21:00 CET,ARN,23:40 CET,424
329,AF1473,ABZ,06:05 GMT,CDG,09:10 CET,37
330,AF1477,BIO,10:20 CET,CDG,12:05 CET,4587
331,AF1486,CDG,15:20 CET,EDI,16:10 GMT,903
332,AF149,LOS,23:55 WAT,CDG,06:20 CET,143
333,AF1502,CDG,21:10 CET,TRN,22:50 CET,356
334,AF1542,CDG,07:10 CET,GVA,08:20 CET,350
335,AF1552,CDG,21:00 CET,GOT,23:05 CET,1458
336,AF1558,CDG,20:55 CET,NCL,21:45 GMT,1725
337,AF1564,CDG,18:40 CET,BHX,18:55 GMT,1579
338,AF1580,CDG,10:00 CET,LHR,10:30 GMT,563
339,AF1582,CDG,18:00 CET,PRG,19:40 CET,524
340,AF1608,CDG,21:20 CET,STR,22:45 CET,1406
341,AF1620,CDG,11:15 CET,TLV,16:50 IST,1469
342,AF1621,TLV,18:10 IST,CDG,22:20 CET,149
343,AF1639,HAJ,15:35 CET,CDG,17:10 CET,2902
344,AF1643,GVA,10:30 CET,CDG,11:45 CET,2820
345,AF165,BKK,11:30 ICT,CDG,18:35 CET,263
346,AF1669,MAN,08:45 GMT,CDG,11:15 CET,43
347,AF1692,NTE,06:40 CET,AMS,08:30 CET,5087
348,AF1694,CDG,20:55 CET,BUD,23:05 CET,1597
349,AF1703,TRN,15:10 CET,CDG,16:50 CET,133
350,AF1741,AMS,14:50 CET,CDG,16:05 CET,1136
351,AF1742,CDG,11:05 CET,GVA,12:15 CET,458
352,AF1750,CDG,07:10 CET,CPH,09:05 CET,597
353,AF1751,CPH,09:55 CET,CDG,11:55 CET,920
354,AF1774,CDG,09:25 CET,OSL,11:45 CET,1317
355,AF1793,AMS,14:55 CET,NTE,16:30 CET,2474
356,AF1823,MUC,18:00 CET,CDG,19:45 CET,493
357,AF1835,TXL,18:05 CET,CDG,19:55 CET,331
358,AF1842,CDG,10:05 CET,GVA,11:15 CET,257
359,AF185,HKG,23:30 HKT,CDG,05:50 CET,351
360,AF1882,BRU,10:25 CET,RNS,11:40 CET,50
361,AF1886,CDG,22:05 CET,EDI,22:55 GMT,132
362,AF188,CDG,23:25 CET,HKG,18:35 HKT,377
363,AF19,JFK,19:30 EST,ORY,08:55 CET,425
364,AF217,BOM,03:00 IST,CDG,08:30 CET,2219
365,AF225,DEL,01:05 IST,CDG,05:55 CET,578
366,AF228,CDG,23:35 CET,EZE,09:40 ART,592
367,AF247,SEZ,08:30 SCT,CDG,15:55 CET,3058
368,AF264,CDG,13:10 CET,ICN,08:10 KST,745
369,AF274,CDG,23:20 CET,HND,19:25 JST,838
370,AF293,HND,23:50 JST,CDG,04:50 CET,367
371,AF32,ORY,14:10 CET,JFK,16:50 EST,2990
372,AF333,BOS,19:30 EST,CDG,08:15 CET,563
373,AF334,CDG,15:40 CET,BOS,17:35 EST,205
374,AF339,NIM,23:55 WAT,CDG,05:30 CET,193
375,AF344,CDG,13:45 CET,YUL,15:50 EST,131
376,AF351,YYZ,18:45 EST,CDG,08:15 CET,16
377,AF356,CDG,14:25 CET,YYZ,16:50 EST,444
378,AF381,PEK,01:00 CST,CDG,05:15 CET,1665
379,AF382,CDG,23:20 CET,PEK,16:35 CST,989
380,AF385,CCS,17:30 VET,CDG,07:50 CET,708
381,AF406,CDG,23:40 CET,SCL,10:10 CLST,285
382,AF4110,ORY,10:15 CET,BIA,11:55 CET,206
383,AF429,BOG,23:55 COT,CDG,16:15 CET,111
384,AF442,CDG,23:35 CET,GIG,08:10 BRST,887
385,AF454,CDG,23:20 CET,GRU,08:20 BRST,2046
386,AF459,GRU,21:55 BRST,CDG,12:15 CET,2250
387,AF460,CDG,23:35 CET,MRU,13:35 MUT,249
388,AF487,AMM,01:15 EET,CDG,05:35 CET,1825
389,AF498,CDG,11:01 CET,SXM,15:21 AST,23
390,AF514,CDG,10:55 CET,ABV,17:05 WAT,1
391,AF54,CDG,13:45 CET,IAD,16:35 EST,311
392,AF570,CDG,18:10 CET,CAI,23:40 EET,165
393,AF596,CKY,23:20 GMT,CDG,06:35 CET,2706
394,AF6014,ORY,14:55 CET,MRS,16:10 CET,1208
395,AF6021,MRS,18:20 CET,ORY,19:45 CET,560
396,AF6114,ORY,10:15 CET,TLS,11:30 CET,488
397,AF6116,ORY,10:45 CET,TLS,12:00 CET,1289
398,AF6117,TLS,10:25 CET,ORY,11:50 CET,72
399,AF6117,TLS,10:45 CET,ORY,12:10 CET,609
400,AF6119,TLS,10:45 CET,ORY,12:10 CET,710
401,AF611,FDF,16:35 AST,CAY,19:45 GFT,274
402,AF6123,TLS,15:15 CET,ORY,16:40 CET,2123
403,AF6124,ORY,15:00 CET,TLS,16:15 CET,215
404,AF6134,ORY,17:30 CET,TLS,18:45 CET,50
405,AF619,MIA,08:20 EST,PAP,10:15 EST,82
406,AF6200,ORY,06:40 CET,NCE,08:05 CET,1086
407,AF6203,NCE,06:30 CET,ORY,08:00 CET,157
408,AF6206,ORY,10:35 CET,NCE,12:05 CET,1672
409,AF6209,NCE,10:20 CET,ORY,11:50 CET,1101
410,AF6216,ORY,14:50 CET,NCE,16:15 CET,1508
411,AF6222,ORY,10:50 CET,NCE,12:15 CET,235
412,AF6224,ORY,18:35 CET,NCE,20:00 CET,260
413,AF6233,NCE,15:00 CET,ORY,16:25 CET,93
414,AF6262,ORY,15:00 CET,BOD,16:05 CET,58
415,AF6267,BOD,15:00 CET,ORY,16:15 CET,70
416,AF6273,BOD,18:35 CET,ORY,19:45 CET,91
417,AF6277,BOD,10:30 CET,ORY,11:45 CET,305
418,AF6277,BOD,10:40 CET,ORY,12:00 CET,73
419,AF6277,BOD,10:50 CET,ORY,12:05 CET,75
420,AF640,CDG,10:30 CET,NIM,16:05 WAT,201
421,AF650,CDG,12:25 CET,CUN,17:20 EST,13
422,AF65,LAX,15:30 PST,CDG,11:15 CET,27
423,AF669,JIB,23:10 EAT,CDG,05:30 CET,464
424,AF66,CDG,10:20 CET,LAX,13:05 PST,303
425,AF688,CDG,14:05 CET,ATL,17:55 EST,479
426,AF703,ABJ,23:15 GMT,CDG,06:45 CET,41
427,AF7179,CDG,10:13 CET,BRU,11:53 CET,5526
428,AF7184,BRU,10:33 CET,CDG,11:45 CET,1029
429,AF718,CDG,15:40 CET,DSS,20:25 GMT,92
430,AF7361,BES,06:40 CET,ORY,08:00 CET,876
431,AF7362,ORY,09:35 CET,BES,10:45 CET,1610
432,AF7366,ORY,10:30 CET,BES,11:40 CET,965
433,AF7369,BES,14:55 CET,ORY,16:10 CET,3245
434,AF7376,ORY,15:10 CET,BES,16:20 CET,458
435,AF7383,NTE,11:15 CET,ORY,12:15 CET,693
436,AF7416,ORY,20:50 CET,LYS,21:55 CET,535
437,AF7439,CFE,18:35 CET,ORY,19:40 CET,949
438,AF7456,ORY,14:45 CET,Uze,16:05 CET,1018
439,AF7458,ORY,21:40 CET,Uze,23:00 CET,1433
440,AF7462,ORY,19:05 CET,Uze,20:25 CET,18
441,AF7465,PGF,10:40 CET,ORY,12:15 CET,808
442,AF7475,UIP,08:05 CET,ORY,09:35 CET,1740
443,AF7478,ORY,21:46 CET,UIP,23:16 CET,4022
444,AF7479,UIP,06:35 CET,ORY,08:05 CET,183
445,AF7480,ORY,10:40 CET,BIQ,12:00 CET,1142
446,AF7499,BIQ,15:05 CET,ORY,16:30 CET,4439
447,AF7507,TLN,14:45 CET,ORY,16:15 CET,1174
448,AF7521,TLS,10:35 CET,CDG,12:05 CET,56
449,AF7525,TLS,18:10 CET,CDG,19:45 CET,1166
450,AF7528,CDG,13:10 CET,TLS,14:30 CET,2285
451,AF7534,CDG,12:15 CET,Uze,13:40 CET,1625
452,AF7537,Uze,10:30 CET,CDG,12:10 CET,1154
453,AF7558,ORY,10:20 CET,FSC,12:05 CET,1226
454,AF7570,ORY,14:45 CET,CLY,16:20 CET,656
455,AF7596,ORY,07:15 CET,BIA,08:55 CET,122
456,AF7622,CDG,09:55 CET,BOD,11:10 CET,362
457,AF7624,CDG,13:40 CET,BOD,14:55 CET,485
458,AF7625,BOD,10:15 CET,CDG,11:35 CET,2610
459,AF7637,BOD,18:20 CET,CDG,19:45 CET,1486
460,AF7639,RNS,18:35 CET,CDG,19:45 CET,458
461,AF7644,CDG,12:35 CET,LYS,13:45 CET,309
462,AF7648,CDG,21:25 CET,LYS,22:35 CET,342
463,AF7649,LYS,18:35 CET,CDG,19:50 CET,1117
464,AF7652,CDG,10:30 CET,LYS,11:40 CET,6
465,AF7657,BIQ,18:25 CET,CDG,20:00 CET,1813
466,AF7660,CDG,07:10 CET,MRS,08:35 CET,832
467,AF7663,MRS,10:35 CET,CDG,12:05 CET,4508
468,AF7668,CDG,18:00 CET,MRS,19:20 CET,412
469,AF766,ORY,14:55 CET,PTP,18:45 AST,2864
470,AF7676,CDG,12:20 CET,RNS,13:20 CET,3546
471,AF7679,RNS,10:55 CET,CDG,12:00 CET,1493
472,AF7683,MPL,14:55 CET,CDG,16:25 CET,1672
473,AF7684,CDG,22:00 CET,MPL,23:20 CET,65
474,AF7689,MPL,10:35 CET,CDG,12:05 CET,576
475,AF76,LAX,23:40 PST,PPT,06:15 TAHT,723
476,AF7701,NCE,10:10 CET,CDG,11:45 CET,487
477,AF7701,NCE,10:20 CET,CDG,11:55 CET,476
478,AF7705,NCE,10:35 CET,CDG,12:10 CET,186
479,AF7709,NTE,18:25 CET,CDG,19:35 CET,817
480,AF7732,CDG,21:35 CET,BES,22:50 CET,3185
481,AF7733,BES,18:40 CET,CDG,20:00 CET,31
482,AF7733,VCE,17:45 CET,CDG,19:35 CET,24
483,AF7735,LRT,10:25 CET,CDG,11:40 CET,726
484,AF7740,CDG,08:05 CET,TLN,09:40 CET,898
485,AF7753,CFE,10:55 CET,CDG,12:05 CET,6
486,AF775,CDG,08:55 CET,BGF,15:30 WAT,160
487,AF805,COO,23:50 WAT,CDG,06:10 CET,89
488,AF825,HAV,20:55 CST,CDG,11:50 CET,75
489,AF83,SFO,15:15 PST,CDG,11:05 CET,3435
490,AF841,FDF,19:10 AST,ORY,08:25 CET,339
491,AF852,ORY,10:45 CET,CAY,15:55 GFT,899
492,AF864,CDG,09:35 CET,CPT,22:10 SAST,95
493,AF871,CPT,00:10 SAST,CDG,11:00 CET,2141
494,AF896,CDG,11:25 CET,BZV,19:20 WAT,487
495,AF901,NSI,23:45 WAT,CDG,06:30 CET,3870
496,AF953,DLA,23:55 WAT,CDG,06:30 CET,9
497,AF953,SSG,21:15 WAT,DLA,21:55 WAT,1062
498,AF968,CDG,14:25 CET,PUJ,18:45 AST,1
499,AF977,LBV,23:15 WAT,CDG,06:25 CET,29
500,AF990,CDG,23:30 CET,JNB,11:15 SAST,483
501,AF9,JFK,22:50 EST,CDG,12:00 CET,2
502,AFR1639,HAJ,15:35 CET,CDG,17:10 CET,662
503,AFR178,CDG,11:00 CET,MEX,16:20 CST,3485
504,AFR6277,BOD,10:30 CET,ORY,11:45 CET,46
505,AFR86QR,CDG,07:25 CET,FRA,09:00 CET,15
506,RYR2933,BRU,07:00 CET,ALC,09:30 CET,52
507,TS102,YUL,06:45 EST,MCO,10:20 EST,170
508,TS103,MCO,11:20 EST,YUL,14:30 EST,20
509,TS110,YUL,20:50 EST,CDG,09:40 CET,130
510,TS111,CDG,12:15 CET,YUL,14:10 EST,361
511,TS118,YVR,09:50 PST,PVR,16:40 CST,407
512,TS119,PVR,17:40 CST,YVR,20:50 PST,334
513,TS122,YYZ,21:00 EST,LGW,09:05 GMT,177
514,TS122,YYZ,21:15 EST,LGW,09:40 GMT,2
515,TS123,LGW,11:00 GMT,YYZ,14:15 EST,541
516,TS126,YYZ,06:30 EST,CCC,10:10 CST,369
517,TS128,YUL,15:10 EST,POP,20:25 AST,1217
518,TS129,POP,21:25 AST,YUL,00:45 EST,139
519,TS140,YYZ,07:40 EST,PUJ,12:50 AST,1328
520,TS141,PUJ,13:40 AST,YYZ,17:15 EST,0
521,TS160,YYZ,11:00 EST,HOG,14:55 CST,1729
522,TS164,YUL,06:15 EST,SNU,10:20 CST,69
523,TS165,SNU,11:10 CST,YUL,15:00 EST,2435
524,TS167,POP,20:55 AST,YYZ,00:20 EST,78
525,TS185,CUN,17:55 EST,YVR,21:30 PST,84
526,TS186,YUL,08:00 EST,LRM,13:30 AST,183
527,TS187,LRM,14:30 AST,YUL,18:00 EST,164
528,TS226,YYZ,06:25 EST,MCO,09:30 EST,91
529,TS227,MCO,10:30 EST,YYZ,13:25 EST,218
530,TS246,YYZ,06:30 EST,MCO,09:35 EST,2325
531,TS253,AGP,11:40 CET,YUL,13:50 EST,9
532,TS263,PVR,18:45 CST,YEG,22:55 MST,221
533,TS277,SNU,21:05 CST,YUL,00:50 EST,1020
534,TS293,MAN,11:30 GMT,YYZ,14:30 EST,366
535,TS298,YUL,08:00 EST,PVR,13:15 CST,6
536,TS304,YQB,07:05 EST,FLL,11:05 EST,36
537,TS319,PVR,17:40 CST,YYC,21:40 MST,401
538,TS326,YYZ,08:50 EST,CUN,13:10 EST,298
539,TS326,YYZ,09:00 EST,CUN,13:10 EST,951
540,TS327,CUN,14:30 EST,YYZ,18:15 EST,1008
541,TS336,YYZ,21:35 EST,LIS,09:35 WET,1630
542,TS337,LIS,11:20 WET,YYZ,14:30 EST,575
543,TS344,YUL,06:00 EST,HOG,10:15 CST,34
544,TS345,HOG,11:15 CST,YUL,15:15 EST,1371
545,TS350,YYC,09:10 MST,CUN,16:45 EST,1340
546,TS351,CUN,17:45 EST,YYC,21:40 MST,588
547,TS361,CUN,19:20 EST,YYC,23:15 MST,1
548,TS372,YYZ,07:00 EST,MBJ,11:15 EST,184
549,TS384,YUL,06:45 EST,MBJ,11:25 EST,3929
550,TS386,YUL,07:00 EST,VRA,11:00 CST,1404
551,TS387,VRA,12:00 CST,YUL,15:45 EST,560
552,TS398,YUL,08:50 EST,PUJ,14:20 AST,3714
553,TS399,PUJ,15:40 AST,YUL,19:10 EST,775
554,TS410,YYZ,18:40 EST,YUL,20:00 EST,868
555,TS411,YUL,21:00 EST,YYZ,22:15 EST,457
556,TS432,YEG,08:10 MST,CUN,15:45 EST,4667
557,TS433,CUN,16:45 EST,YEG,20:50 MST,54
558,TS438,YUL,16:10 EST,SNU,20:15 CST,444
559,TS438,YUL,16:25 EST,CYO,20:40 CST,4418
560,TS439,CYO,21:40 CST,YUL,01:35 EST,222
561,TS443,CUN,18:45 EST,YVR,22:20 PST,34
562,TS445,PUJ,23:20 AST,YQB,03:00 EST,73
563,TS446,YYZ,07:55 EST,HOG,11:55 CST,3285
564,TS461,CUN,22:35 EST,YQB,02:55 EST,524
565,TS462,YQB,06:00 EST,PUJ,11:30 AST,116
566,TS465,VRA,22:30 CST,YQB,02:25 EST,114
567,TS471,YYZ,17:45 EST,YUL,19:05 EST,657
568,TS476,YUL,18:00 EST,YYZ,19:15 EST,1618
569,TS477,YYZ,18:10 EST,YUL,19:25 EST,588
570,TS484,YUL,18:00 EST,YYZ,19:15 EST,202
571,TS485,YYZ,18:10 EST,YUL,19:25 EST,323
572,TS486,YUL,08:10 EST,MBJ,12:50 EST,85
573,TS491,CUN,17:45 EST,YYC,21:40 MST,1716
574,TS492,YUL,06:45 EST,VRA,10:45 CST,501
575,TS494,YUL,15:40 EST,CCC,19:40 CST,389
576,TS495,CCC,21:20 CST,YUL,00:55 EST,1811
577,TS518,YEG,08:10 MST,CUN,15:45 EST,175
578,TS529,CCC,21:15 CST,YUL,00:55 EST,1
579,TS530,YUL,08:30 EST,VRA,12:30 CST,325
580,TS560,YUL,09:30 EST,CUN,14:15 EST,3117
581,TS561,CUN,15:25 EST,YUL,19:35 EST,793
582,TS561,CUN,15:35 EST,YUL,19:35 EST,1736
583,TS564,YYZ,21:30 EST,MAN,09:30 GMT,124
584,TS565,MAN,11:30 GMT,YYZ,14:30 EST,27
585,TS568,YQB,06:30 EST,PUJ,12:00 AST,124
586,TS569,PUJ,13:20 AST,YQB,17:00 EST,340
587,TS570,YYZ,07:40 EST,FLL,11:00 EST,8
588,TS571,FLL,12:00 EST,YYZ,15:15 EST,1884
589,TS581,LIS,11:45 WET,YUL,14:35 EST,435
590,TS631,VRA,20:35 CST,YUL,00:20 EST,367
591,TS632,YQB,06:15 EST,CUN,11:15 EST,210
592,TS648,YYZ,07:45 EST,PVR,12:15 CST,2446
593,TS665,PAP,15:15 EST,YUL,19:30 EST,252
594,TS688,YEG,08:00 MST,PVR,14:05 CST,61
595,TS689,PVR,15:05 CST,YEG,19:15 MST,1572
596,TS691,SNU,19:25 CST,YYZ,23:05 EST,494
597,TS700,YYZ,13:00 EST,SNU,16:40 CST,1333
598,TS708,YYZ,06:15 EST,CCC,09:55 CST,147
599,TS709,CCC,10:55 CST,YYZ,14:35 EST,655
600,TS713,HOG,20:45 CST,YUL,00:55 EST,3019
601,TS724,YYZ,21:15 EST,GLA,09:05 GMT,1587
602,TS732,YYZ,21:15 EST,LIS,09:15 WET,1652
603,TS733,LIS,11:00 WET,YYZ,14:05 EST,1240
604,TS746,YYZ,15:45 EST,HOG,19:40 CST,71
605,TS747,HOG,20:30 CST,YYZ,00:25 EST,57
606,TS751,VRA,18:00 CST,YYZ,21:30 EST,198
607,TS752,YVR,10:00 PST,YUL,17:50 EST,2057
608,TS762,YYZ,09:50 EST,RTB,13:45 CST,4781
609,TS764,YYZ,21:00 EST,OPO,08:55 WET,1466
610,TS765,OPO,10:55 WET,YYZ,14:00 EST,393
611,TS770,YYZ,07:45 EST,MBJ,12:00 EST,562
612,TS773,YUL,19:15 EST,YVR,22:05 PST,5114
613,TS774,YYZ,16:25 EST,MBJ,20:40 EST,764
614,TS775,MBJ,21:40 EST,YYZ,01:55 EST,2668
615,TS782,YQB,07:05 EST,FLL,11:05 EST,148
616,TS800,YYZ,06:45 EST,AZS,12:00 AST,1321
617,TS806,YUL,15:30 EST,POP,20:45 AST,290
618,TS807,POP,21:35 AST,YUL,00:55 EST,3264
619,TS818,YYC,00:30 MST,YYZ,06:36 EST,3710
620,TS819,YYZ,07:40 EST,YYC,10:05 MST,503
621,TS820,YYC,00:30 MST,YYZ,06:36 EST,265
622,TS824,YYZ,09:05 EST,VRA,12:40 CST,1
623,TS825,VRA,13:40 CST,YYZ,17:10 EST,223
624,TS826,YEG,00:30 MST,YYZ,06:37 EST,1298
625,TS852,YYC,12:45 MST,YYZ,18:35 EST,964
626,TS853,YYZ,19:45 EST,YYC,22:05 MST,2431
627,TS854,YOW,06:00 EST,CUN,10:45 EST,1655
628,TS860,YOW,16:55 EST,PUJ,22:25 AST,275
629,TS861,PUJ,23:25 AST,YOW,03:05 EST,6
630,TS892,YUL,06:45 EST,SNU,10:50 CST,3166
631,TS910,YVR,22:40 PST,YYZ,06:15 EST,2713
632,TS911,YYZ,07:30 EST,YVR,09:45 PST,471
633,TS930,YVR,22:40 PST,YYZ,06:15 EST,585
634,TS931,YYZ,07:30 EST,YVR,09:45 PST,1402
635,TS933,YYZ,19:30 EST,YVR,21:40 PST,5
636,TS934,YUL,07:10 EST,FLL,11:00 EST,361
637,TS937,YYZ,07:40 EST,YVR,09:55 PST,497
638,TS938,YUL,07:00 EST,MCO,10:35 EST,12
639,TS942,YUL,07:10 EST,FLL,11:00 EST,35
640,TS957,YQB,18:20 EST,YUL,19:15 EST,12
641,TS960,YUL,06:45 EST,RTB,11:00 CST,93
642,TS961,RTB,12:00 CST,YUL,17:40 EST,192
643,TS972,YUL,09:10 EST,AZS,14:20 AST,867
644,TS979,HOG,14:15 CST,YUL,18:15 EST,505
645,TS990,YVR,10:50 PST,YYZ,18:25 EST,17
646,TS991,YYZ,19:30 EST,YVR,21:40 PST,1915
647,TSC123,LGW,11:00 GMT,YYZ,14:15 EST,675
648,TSC130,YYZ,07:55 EST,FLL,11:15 EST,680
649,TSC464,YQB,17:10 EST,VRA,21:30 CST,2839
650,AA1012,ORD,20:20 CST,SAT,23:12 CST,6066
651,AA1039,ORD,20:18 CST,LAX,22:59 PST,303
652,AA1044,LAX,21:10 PST,BDL,05:18 EST,584
653,AA1061,MIA,21:05 EST,LAX,23:56 PST,217
654,AA106,JFK,20:45 EST,LHR,08:35 GMT,40
655,AA1071,LAX,23:05 PST,ATL,06:18 EST,877
656,AA1081,DCA,08:30 EST,LAS,10:59 PST,6
657,AA1084,LAS,23:20 PST,MIA,06:50 EST,890
658,AA10,LAX,21:00 PST,JFK,05:13 EST,5155
659,AA1113,DFW,09:10 CST,SJC,11:08 PST,56
660,AA1120,DFW,22:35 CST,MCI,00:04 CST,534
661,AA1123,DFW,18:10 CST,BOG,00:30 COT,1221
662,AA1126,BOG,01:30 COT,MIA,05:26 EST,897
663,AA112,MIA,17:45 EST,BCN,08:40 CET,950
664,AA1157,PHX,19:53 MST,MSP,23:54 CST,445
665,AA1180,DFW,11:00 CST,FLL,14:43 EST,324
666,AA1253,SFO,00:07 PST,ORD,06:20 CST,3902
667,AA1257,CMH,11:39 EST,DFW,13:34 CST,1040
668,AA127,DFW,10:35 CST,PVG,16:10 CST,313
669,AA1284,DFW,22:20 CST,FAT,23:51 PST,1088
670,AA1314,LAX,23:05 PST,MIA,07:01 EST,2109
671,AA1339,IAD,18:40 EST,LAX,21:43 PST,2865
672,AA1351,TPA,11:36 EST,DFW,13:23 CST,416
673,AA1355,SJU,18:05 AST,MIA,20:04 EST,55
674,AA1392,CUN,06:53 EST,DFW,08:54 CST,649
675,AA1433,TUL,07:11 CST,CLT,10:35 EST,16
676,AA1440,ORD,20:36 CST,SMF,23:16 PST,50
677,AA1443,BDA,08:30 AST,JFK,09:59 EST,3591
678,AA1444,JFK,08:15 EST,CLT,10:30 EST,1649
679,AA1449,DFW,11:15 CST,GRR,14:40 EST,471
680,AA1475,DFW,11:00 CST,RSW,14:31 EST,1419
681,AA1481,MIA,12:10 EST,SDQ,15:24 AST,3
682,AA14,OGG,23:01 HST,LAX,06:19 PST,132
683,AA1505,DFW,12:55 CST,MCI,14:27 CST,354
684,AA150,ORD,19:15 CST,CDG,10:05 CET,230
685,AA1512,GEO,01:09 GYT,MIA,04:56 EST,381
686,AA155,PHX,16:31 MST,STL,20:23 CST,285
687,AA1573,ORD,10:01 CST,SAT,12:56 CST,31
688,AA1582,ORD,22:21 CST,MCI,23:49 CST,2902
689,AA1614,IAH,11:20 CST,MIA,14:41 EST,26
690,AA1627,MIA,21:40 EST,ORD,00:02 CST,594
691,AA1637,CLT,13:01 EST,JAX,14:21 EST,1442
692,AA1658,PHX,23:23 MST,PHL,05:41 EST,540
693,AA166,SFO,15:40 PST,JFK,00:07 EST,746
694,AA1726,CLT,13:00 EST,CHS,13:59 EST,2102
695,AA1736,PDX,23:52 PST,CLT,07:30 EST,448
696,AA177,JFK,19:55 EST,SFO,23:45 PST,2194
697,AA1794,CLT,16:36 EST,RDU,17:36 EST,1128
698,AA181,LAX,10:45 PST,PEK,16:20 CST,4049
699,AA1820,PBI,11:40 EST,PHL,14:21 EST,699
700,AA183,LAX,09:30 PST,PVG,15:55 CST,2276
701,AA1847,DFW,09:05 CST,SEA,11:38 PST,56
702,AA1851,CLT,22:15 EST,TUS,00:47 MST,2166
703,AA185,JFK,21:30 EST,LAX,01:01 PST,1364
704,AA1908,LAS,07:00 PST,DFW,11:39 CST,369
705,AA193,LAX,23:50 PST,HKG,07:25 HKT,723
706,AA1942,CLT,20:23 EST,LGA,22:21 EST,2115
707,AA1958,PHL,20:45 EST,LAX,23:59 PST,40
708,AA1972,BOS,11:30 EST,PHL,13:10 EST,817
709,AA1980,ATL,10:02 EST,PHL,12:04 EST,760
710,AA1986,PHL,18:20 EST,RDU,19:57 EST,252
711,AA2011,ORD,15:11 CST,PHL,18:09 EST,30
712,AA2043,LGA,21:25 EST,ATL,23:56 EST,716
713,AA204,PHL,21:25 EST,AMS,10:55 CET,607
714,AA207,MXP,10:20 CET,MIA,15:40 EST,600
715,AA20,DFW,15:25 CST,LHR,06:20 GMT,2092
716,AA2130,BOS,10:00 EST,DCA,11:41 EST,452
717,AA2130,DCA,07:30 EST,BOS,08:55 EST,1830
718,AA213,MIA,23:15 EST,BSB,09:50 BRST,1053
719,AA214,BSB,23:55 BRST,MIA,04:40 EST,1248
720,AA2163,BOS,10:00 EST,LGA,11:21 EST,805
721,AA216,GRU,23:30 BRST,LAX,06:10 PST,100
722,AA2190,SMF,05:55 PST,LAX,07:34 PST,283
723,AA2219,MIA,12:10 EST,SXM,16:07 AST,242
724,AA2219,SXM,17:04 AST,MIA,19:29 EST,380
725,AA2230,MIA,22:01 EST,IAH,23:52 CST,17
726,AA2253,CLE,06:48 EST,DFW,09:05 CST,34
727,AA2258,LAX,23:59 PST,DFW,04:55 CST,351
728,AA2263,DFW,18:38 CST,YVR,21:15 PST,239
729,AA2275,TUL,16:23 CST,DFW,17:49 CST,239
730,AA2280,MIA,21:44 EST,SFO,01:08 PST,2605
731,AA2298,PDX,07:00 PST,ORD,13:00 CST,754
732,AA2341,MIA,21:58 EST,LAS,00:29 PST,31
733,AA2368,DFW,10:45 CST,BWI,14:37 EST,217
734,AA2371,EWR,09:59 EST,PHX,13:47 MST,1029
735,AA2374,ORD,20:35 CST,SFO,23:26 PST,1177
736,AA2390,DFW,22:39 CST,LAS,23:33 PST,1427
737,AA2404,DFW,12:34 CST,AUS,13:36 CST,602
738,AA2421,MIA,19:36 EST,SFO,23:01 PST,259
739,AA2432,MIA,17:50 EST,GUA,19:36 CST,408
740,AA2491,DTW,07:16 EST,DFW,09:30 CST,2957
741,AA255,JFK,10:00 EST,LAX,13:18 PST,161
742,AA2568,DFW,22:15 CST,SAN,23:22 PST,434
743,AA2588,PHX,22:55 MST,BOS,05:38 EST,145
744,AA2590,SNA,07:00 PST,ORD,13:05 CST,140
745,AA2591,DFW,06:55 CST,SAT,08:04 CST,316
746,AA2591,SAT,09:00 CST,DFW,10:15 CST,721
747,AA2609,LAS,18:25 PST,DFW,22:58 CST,4869
748,AA2622,DFW,11:00 CST,VPS,12:51 CST,122
749,AA2688,MIA,18:09 EST,SFO,21:33 PST,1332
750,AA2688,SFO,23:05 PST,MIA,07:25 EST,3118
751,AA268,BZE,15:04 CST,DFW,18:15 CST,147
752,AA2695,DFW,09:00 CST,DCA,12:50 EST,163
753,AA2703,MIA,10:36 EST,POS,15:20 AST,198
754,AA2757,MCO,20:10 EST,LAX,22:46 PST,1574
755,AA2785,LAX,22:45 PST,LAS,00:02 PST,276
756,AA2793,DEN,23:33 MST,MIA,05:20 EST,452
757,AA27,LAX,10:10 PST,HND,15:25 JST,8
758,AA286,LIH,23:01 HST,LAX,06:37 PST,307
759,AA296,LAX,23:55 PST,ORD,06:03 CST,1910
760,AA303,LAX,21:30 PST,IAD,05:20 EST,1013
761,AA305,MIA,20:40 EST,SEA,00:28 PST,2060
762,AA311,SAT,17:32 CST,DFW,18:49 CST,1469
763,AA328,ORD,15:05 CST,DFW,17:30 CST,105
764,AA3323,DFW,10:35 CST,LCH,11:52 CST,647
765,AA3323,LCH,12:23 CST,DFW,13:45 CST,157
766,AA3397,MCI,19:36 CST,ORD,21:10 CST,2
767,AA3534,CMH,10:20 EST,ORD,10:44 CST,1174
768,AA3534,ORD,07:29 CST,CMH,09:45 EST,867
769,AA3538,ORD,11:43 CST,SYR,14:23 EST,37
770,AA3538,SYR,14:53 EST,ORD,16:06 CST,487
771,AA3545,DFW,16:59 CST,GRK,17:55 CST,1453
772,AA3545,GRK,18:32 CST,DFW,19:30 CST,910
773,AA3548,SGF,07:56 CST,DFW,09:35 CST,234
774,AA3567,OMA,05:51 CST,ORD,07:34 CST,3542
775,AA3691,AGU,13:54 CST,DFW,16:14 CST,1144
776,AA3691,DFW,10:45 CST,AGU,13:17 CST,1
777,AA3741,GSO,17:29 EST,LGA,19:18 EST,5126
778,AA3741,LGA,15:11 EST,GSO,17:04 EST,2148
779,AA3767,DFW,14:35 CST,SGF,15:53 CST,165
780,AA3893,ORD,18:35 CST,AVP,21:33 EST,1082
781,AA38,MIA,19:40 EST,LHR,09:15 GMT,23
782,AA4013,SGF,16:23 CST,ORD,18:08 CST,28
783,AA4057,DFW,20:20 CST,SGF,21:36 CST,2887
784,AA4117,ORD,16:51 CST,MEM,18:32 CST,28
785,AA4193,DAY,19:17 EST,ORD,19:39 CST,186
786,AA4193,ORD,16:40 CST,DAY,18:46 EST,291
787,AA4340,CLT,18:33 EST,IND,20:18 EST,104
788,AA4426,CMH,17:53 EST,PHL,19:35 EST,3277
789,AA446,DFW,22:15 CST,SFO,00:07 PST,847
790,AA4556,DCA,08:31 EST,MCI,10:33 CST,166
791,AA4556,MCI,11:03 CST,DCA,14:29 EST,87
792,AA457,MIA,21:40 EST,PHX,00:44 MST,68
793,AA4646,MEM,11:06 CST,PHL,14:29 EST,1329
794,AA4646,PHL,08:15 EST,MEM,10:10 CST,1068
795,AA4672,CLT,22:40 EST,MSY,23:52 CST,43
796,AA4782,ERI,06:50 EST,PHL,08:16 EST,694
797,AA483,CLT,22:55 EST,ORD,23:56 CST,4
798,AA48,DFW,17:00 CST,CDG,09:05 CET,21
799,AA497,PHL,19:35 EST,MEX,23:59 CST,817
800,AA5077,DCA,13:49 EST,RDU,15:11 EST,1099
801,AA50,DFW,18:15 CST,LHR,09:20 GMT,1382
802,AA5132,DCA,11:41 EST,SAV,13:46 EST,3
803,AA5132,SAV,14:17 EST,DCA,16:09 EST,5143
804,AA5186,PIT,18:15 EST,RDU,19:36 EST,119
805,AA5186,RDU,16:20 EST,PIT,17:50 EST,415
806,AA536,SJC,19:32 PST,PHX,22:19 MST,2
807,AA575,BOS,16:38 EST,PHL,18:20 EST,1204
808,AA576,SMF,23:58 PST,CLT,07:30 EST,1847
809,AA579,DFW,11:05 CST,TPA,14:27 EST,75
810,AA590,PHX,09:43 MST,STL,13:37 CST,3106
811,AA6020,LAX,23:00 PST,SFO,00:29 PST,611
812,AA61,DFW,12:05 CST,NRT,16:55 JST,132
813,AA622,BDL,10:02 EST,CLT,12:10 EST,1147
814,AA622,CLT,07:30 EST,BDL,09:21 EST,216
815,AA62,MIA,18:20 EST,CDG,09:05 CET,1239
816,AA630,PHX,19:55 MST,ORD,00:19 CST,1868
817,AA634,PHX,21:36 MST,ONT,21:53 PST,121
818,AA640,PHX,23:59 MST,CLT,05:47 EST,230
819,AA65,JFK,18:25 EST,LAS,21:30 PST,97
820,AA664,KOA,23:49 HST,PHX,08:33 MST,2060
821,AA697,LIH,23:11 HST,PHX,08:05 MST,352
822,AA706,CLT,20:17 EST,PHL,21:56 EST,1722
823,AA70,DFW,16:05 CST,FRA,08:30 CET,1821
824,AA711,LAS,10:13 PST,PHX,12:22 MST,204
825,AA716,PHL,18:55 EST,MUC,08:50 CET,4115
826,AA718,PHL,18:35 EST,FCO,09:10 CET,264
827,AA722,PHL,21:05 EST,DUB,08:40 GMT,1131
828,AA724,DFW,11:15 CST,CAE,14:30 EST,161
829,AA728,PHL,21:30 EST,LHR,09:40 GMT,1720
830,AA732,CLT,21:05 EST,LHR,10:00 GMT,699
831,AA780,PHX,19:45 MST,IND,01:00 EST,743
832,AA782,LAX,21:05 PST,RDU,04:42 EST,235
833,AA784,MCI,11:28 CST,DFW,13:05 CST,560
834,AA83,LAX,23:05 PST,AKL,09:40 NZDT,67
835,AA84,DFW,22:15 CST,LAX,23:42 PST,1223
836,AA851,LAX,23:20 PST,PHL,07:26 EST,1630
837,AA877,CLT,13:14 EST,ATL,14:35 EST,2912
838,AA890,DFW,09:05 CST,OAK,11:03 PST,261
839,AA896,DFW,22:20 CST,SEA,00:47 PST,902
840,AA900,EZE,21:49 ART,MIA,05:10 EST,36
841,AA902,GYE,23:59 ECT,MIA,04:21 EST,111
842,AA904,GIG,22:45 BRST,MIA,04:25 EST,756
843,AA907,MIA,19:45 EST,EZE,06:53 ART,554
844,AA908,EZE,23:30 ART,MIA,06:53 EST,942
845,AA912,SCL,21:49 CLST,MIA,04:29 EST,544
846,AA918,LIM,23:15 PET,MIA,05:05 EST,1657
847,AA920,CLO,10:00 COT,MIA,13:51 EST,752
848,AA929,MIA,20:05 EST,GRU,07:40 BRST,27
849,AA92,PHL,18:50 EST,ZRH,08:50 CET,310
850,AA930,GRU,23:15 BRST,MIA,04:40 EST,745
851,AA937,MIA,22:45 EST,VVI,06:46 BOT,1016
852,AA946,UIO,01:02 ECT,MIA,05:13 EST,984
853,AA964,MAO,00:53 AMT,MIA,05:15 EST,70
854,AA966,MAR,17:04 VET,MIA,19:20 EST,206
855,AA974,GIG,23:45 BRST,JFK,06:45 EST,1940
856,AA984,MVD,20:30 UYT,MIA,04:10 EST,9
857,AA995,MIA,23:00 EST,GRU,10:25 BRST,556
858,AAL1468,MIA,20:45 EST,SAT,22:57 CST,2671
859,BA1038,PEK,06:35 CST,LHR,10:00 GMT,300
860,BA104,DXB,14:00 GST,LHR,18:00 GMT,1499
861,BA106,DXB,02:25 GST,LHR,06:25 GMT,575
862,BA107,LHR,12:35 GMT,DXB,23:45 GST,799
863,BA108,DXB,10:05 GST,LHR,14:10 GMT,1504
864,BA112,JFK,18:30 EST,LHR,06:25 GMT,378
865,BA115,LHR,13:45 GMT,JFK,17:05 EST,89
866,BA116,JFK,20:15 EST,LHR,08:10 GMT,5811
867,BA117,LHR,08:25 GMT,JFK,11:30 EST,456
868,BA11,LHR,19:05 GMT,SIN,15:55 SRET,339
869,BA124,BAH,02:15 AST,LHR,06:40 GMT,1273
870,BA125,LHR,13:00 GMT,BAH,22:25 AST,50
871,BA12,SIN,23:15 SRET,LHR,05:15 GMT,522
872,BA1301,ABZ,06:10 GMT,LHR,07:50 GMT,24
873,BA1304,LHR,06:55 GMT,ABZ,08:30 GMT,169
874,BA1305,ABZ,09:10 GMT,LHR,10:55 GMT,1163
875,BA1326,LHR,10:05 GMT,NCL,11:25 GMT,1308
876,BA1336,LHR,18:25 GMT,NCL,19:40 GMT,1059
877,BA1346,LHR,09:25 GMT,LBA,10:25 GMT,647
878,BA1371,MAN,06:25 GMT,LHR,07:30 GMT,5232
879,BA1375,MAN,14:10 GMT,LHR,15:15 GMT,3462
880,BA1376,LHR,21:00 GMT,MAN,22:00 GMT,389
881,BA138,BOM,02:15 IST,LHR,06:55 GMT,165
882,BA1390,LHR,10:25 GMT,MAN,11:35 GMT,769
883,BA1395,MAN,12:25 GMT,LHR,13:35 GMT,651
884,BA1399,MAN,14:50 GMT,LHR,15:55 GMT,1772
885,BA139,LHR,09:50 GMT,BOM,00:15 IST,64
886,BA1414,LHR,06:55 GMT,BHD,08:15 GMT,2802
887,BA1416,LHR,12:45 GMT,BHD,14:10 GMT,2490
888,BA142,DEL,03:20 IST,LHR,07:30 GMT,369
889,BA1432,LHR,06:15 GMT,EDI,07:45 GMT,275
890,BA1440,LHR,11:30 GMT,EDI,12:55 GMT,195
891,BA1442,LHR,08:55 GMT,EDI,10:20 GMT,209
892,BA1452,LHR,16:40 GMT,EDI,18:10 GMT,1080
893,BA1455,EDI,16:30 GMT,LHR,17:50 GMT,539
894,BA1458,LHR,18:35 GMT,EDI,20:00 GMT,2656
895,BA1459,EDI,19:00 GMT,LHR,20:25 GMT,3522
896,BA1468,LHR,10:10 GMT,INV,11:50 GMT,1361
897,BA1472,LHR,06:35 GMT,GLA,08:05 GMT,972
898,BA1478,LHR,20:40 GMT,GLA,22:05 GMT,1669
899,BA147,LHR,14:40 GMT,AMM,21:50 EET,92
900,BA148,BEY,07:55 EET,LHR,11:25 GMT,154
901,BA1492,LHR,17:50 GMT,GLA,19:20 GMT,1571
902,BA149,LHR,15:15 GMT,BEY,22:05 EET,836
903,BA154,CAI,03:45 EET,LHR,07:15 GMT,64
904,BA15,LHR,21:45 GMT,SIN,18:30 SRET,2965
905,BA15,SIN,20:05 SRET,SYD,06:50 AEDT,919
906,BA160,PVG,01:55 CST,LHR,06:45 GMT,1170
907,BA161,LHR,21:40 GMT,PVG,17:00 CST,2772
908,BA164,TLV,16:40 IST,LHR,20:00 GMT,1656
909,BA169,LHR,13:50 GMT,PVG,09:10 CST,5800
910,BA16,SIN,22:55 SRET,LHR,04:55 GMT,184
911,BA172,JFK,20:55 EST,LHR,08:45 GMT,2823
912,BA174,JFK,18:55 EST,LHR,06:50 GMT,693
913,BA175,LHR,09:50 GMT,JFK,12:50 EST,1654
914,BA176,JFK,19:25 EST,LHR,07:20 GMT,1303
915,BA178,JFK,08:05 EST,LHR,19:50 GMT,50
916,BA184,EWR,18:40 EST,LHR,06:30 GMT,1781
917,BA185,LHR,10:50 GMT,EWR,14:00 EST,505
918,BA194,IAH,15:55 CST,LHR,06:55 GMT,123
919,BA194,IAH,16:00 CST,LHR,07:00 GMT,4265
920,BA195,LHR,09:30 GMT,IAH,14:10 CST,16
921,BA199,LHR,20:40 GMT,BOM,11:15 IST,2387
922,BA202,BOS,20:10 EST,LHR,07:30 GMT,2107
923,BA2036,MCO,18:25 EST,LGW,07:30 GMT,98
924,BA2041,LGW,20:10 GMT,CPT,09:55 SAST,332
925,BA2063,LGW,20:35 GMT,MRU,12:35 MUT,35
926,BA206,MIA,17:15 EST,LHR,06:35 GMT,221
927,BA207,LHR,09:15 GMT,MIA,14:10 EST,1845
928,BA210,MIA,23:20 EST,LHR,12:40 GMT,1774
929,BA213,LHR,11:15 GMT,BOS,13:55 EST,321
930,BA2154,BGI,17:45 AST,LGW,05:55 GMT,858
931,BA2155,LGW,10:35 GMT,BGI,15:25 AST,1758
932,BA2159,LGW,10:05 GMT,UVF,15:00 AST,1994
933,BA215,LHR,16:40 GMT,BOS,19:30 EST,30
934,BA216,IAD,18:25 EST,LHR,06:30 GMT,1252
935,BA219,LHR,12:15 GMT,DEN,15:10 MST,397
936,BA2216,LCY,10:55 GMT,EDI,12:15 GMT,93
937,BA2256,ANU,19:40 AST,LGW,07:35 GMT,332
938,BA2262,KIN,19:30 EST,LGW,09:20 GMT,511
939,BA2277,LGW,11:00 GMT,LAS,13:50 PST,2122
940,BA228,BWI,20:40 EST,LHR,08:35 GMT,71
941,BA232,DME,16:45 MSK,LHR,17:50 GMT,523
942,BA235,LHR,10:15 GMT,SVO,17:15 MSK,3465
943,BA236,DME,05:40 MSK,LHR,06:55 GMT,553
944,BA238,BOS,07:30 EST,LHR,18:55 GMT,661
945,BA244,EZE,14:20 ART,LHR,06:35 GMT,1182
946,BA245,LHR,22:10 GMT,EZE,09:05 ART,2205
947,BA246,GRU,17:05 BRST,LHR,07:00 GMT,580
948,BA248,GIG,23:00 BRST,LHR,12:10 GMT,452
949,BA250,SCL,16:30 CLST,LHR,09:50 GMT,31
950,BA2540,LGW,12:00 GMT,FCO,15:30 CET,1269
951,BA2541,FCO,16:25 CET,LGW,18:00 GMT,2839
952,BA2579,TRN,19:20 CET,LGW,20:10 GMT,2442
953,BA2622,LGW,06:05 GMT,NCE,09:05 CET,2675
954,BA2622,LGW,10:10 GMT,NCE,13:05 CET,113
955,BA2625,NCE,21:15 CET,LGW,22:15 GMT,31
956,BA262,RUH,01:05 AST,LHR,05:25 GMT,1325
957,BA263,LHR,13:30 GMT,RUH,22:55 AST,759
958,BA2653,SZG,11:05 CET,LGW,12:10 GMT,401
959,BA2693,FAO,11:45 WET,LGW,14:40 GMT,86
960,BA2693,FAO,16:55 WET,LGW,19:50 GMT,68
961,BA2703,TFS,15:25 WET,LGW,19:55 GMT,13
962,BA2706,LGW,11:35 GMT,BCN,14:45 CET,1133
963,BA2707,BCN,15:35 CET,LGW,16:50 GMT,152
964,BA2708,LGW,16:30 GMT,BCN,19:30 CET,282
965,BA2712,LGW,07:30 GMT,AGP,11:25 CET,2158
966,BA2713,AGP,12:15 CET,LGW,14:10 GMT,689
967,BA2715,AGP,20:25 CET,LGW,22:20 GMT,787
968,BA272,SAN,19:25 PST,LHR,13:50 GMT,50
969,BA2730,LGW,09:00 GMT,TFS,13:25 WET,3337
970,BA2742,LGW,08:55 GMT,GVA,11:45 CET,929
971,BA2748,LGW,06:10 GMT,GVA,08:45 CET,636
972,BA2763,AMS,18:55 CET,LGW,19:05 GMT,72
973,BA2769,JER,07:45 GMT,LGW,08:45 GMT,1320
974,BA276,HYD,07:20 IST,LHR,12:35 GMT,323
975,BA2774,LGW,16:00 GMT,JER,17:00 GMT,1731
976,BA2775,JER,17:40 GMT,LGW,18:40 GMT,80
977,BA2778,LGW,19:25 GMT,JER,20:25 GMT,690
978,BA2788,LGW,16:55 GMT,BOD,19:30 CET,185
979,BA2798,LGW,15:35 GMT,SVQ,19:15 CET,61
980,BA283,LHR,10:35 GMT,LAX,13:55 PST,38
981,BA285,LHR,10:40 GMT,SFO,13:55 PST,1529
982,BA288,PHX,20:45 MST,LHR,13:35 GMT,3033
983,BA28,HKG,23:45 HKT,LHR,04:55 GMT,49
984,BA292,IAD,22:40 EST,LHR,10:40 GMT,3676
985,BA2931,EDI,06:10 GMT,LGW,07:40 GMT,165
986,BA294,ORD,17:10 CST,LHR,06:50 GMT,52
987,BA294,ORD,17:35 CST,LHR,07:15 GMT,170
988,BA2953,GLA,06:05 GMT,LGW,07:35 GMT,1605
989,BA2953,GLA,06:25 GMT,LGW,07:55 GMT,2161
990,BA2958,LGW,11:15 GMT,GLA,12:45 GMT,482
991,BA2959,GLA,13:30 GMT,LGW,14:55 GMT,144
992,BA295,LHR,12:10 GMT,ORD,15:05 CST,1647
993,BA2964,LGW,18:05 GMT,GLA,19:35 GMT,184
994,BA296,ORD,20:35 CST,LHR,10:15 GMT,414
995,BA2,JFK,18:45 EST,LCY,06:55 GMT,899
996,BA303,CDG,07:30 CET,LHR,07:50 GMT,1539
997,BA304,LHR,07:10 GMT,CDG,09:25 CET,2081
998,BA308,LHR,12:00 GMT,CDG,14:20 CET,84
999,BA316,LHR,15:05 GMT,CDG,17:25 CET,56
1000,BA31,LHR,18:25 GMT,HKG,14:20 HKT,981
1001,BA323,CDG,18:15 CET,LHR,18:25 GMT,705
1002,BA326,LHR,20:30 GMT,CDG,22:45 CET,3776
1003,BA32,HKG,23:30 HKT,LHR,04:45 GMT,232
1004,BA3316F,DOH,22:50 AST,STN,03:10 GMT,79
1005,BA3390F,LHR,22:35 GMT,MXP,01:35 CET,1250
1006,BA33,LHR,18:45 GMT,KUL,15:25 MYT,366
1007,BA33,LHR,19:05 GMT,KUL,15:45 MYT,206
1008,BA3405F,CDG,22:30 CET,LHR,22:45 GMT,91
1009,BA3416F,MAD,23:45 CET,OPO,00:55 WET,2137
1010,BA3416F,OPO,01:55 WET,EMA,03:25 GMT,2108
1011,BA343,NCE,12:15 CET,LHR,13:35 GMT,281
1012,BA344,LHR,11:50 GMT,NCE,15:00 CET,142
1013,BA344,LHR,12:20 GMT,NCE,15:30 CET,11
1014,BA345,NCE,16:20 CET,LHR,17:30 GMT,717
1015,BA348,LHR,17:10 GMT,NCE,20:10 CET,745
1016,BA34,KUL,23:55 MYT,LHR,05:35 GMT,579
1017,BA365,LYS,06:35 CET,LHR,07:15 GMT,489
1018,BA369,MRS,14:40 CET,LHR,15:45 GMT,2353
1019,BA370,LHR,16:30 GMT,MRS,19:25 CET,108
1020,BA370,LHR,16:40 GMT,MRS,19:35 CET,157
1021,BA371,MRS,20:20 CET,LHR,21:15 GMT,12
1022,BA376,LHR,19:40 GMT,TLS,22:25 CET,948
1023,BA377,TLS,08:00 CET,LHR,09:05 GMT,309
1024,BA388,LHR,06:50 GMT,BRU,09:05 CET,368
1025,BA389,BRU,07:40 CET,LHR,07:50 GMT,336
1026,BA40,DUR,07:35 SAST,LHR,17:45 GMT,4707
1027,BA417,LUX,11:15 CET,LHR,11:45 GMT,1224
1028,BA419,LUX,19:10 CET,LHR,19:35 GMT,30
1029,BA41,LHR,15:45 GMT,DUR,05:35 SAST,310
1030,BA423,AMS,07:30 CET,LHR,07:55 GMT,52
1031,BA428,LHR,06:45 GMT,AMS,09:15 CET,98
1032,BA42,CPT,21:20 SAST,LHR,07:20 GMT,1200
1033,BA438,LHR,12:50 GMT,AMS,15:10 CET,272
1034,BA440,LHR,16:25 GMT,AMS,18:45 CET,3515
1035,BA442,LHR,17:45 GMT,AMS,20:10 CET,1357
1036,BA4450,RTM,07:05 CET,LCY,07:00 GMT,308
1037,BA4455,LCY,13:15 GMT,RTM,15:05 CET,1999
1038,BA455,AGP,20:05 CET,LHR,21:50 GMT,1125
1039,BA461,MAD,17:50 CET,LHR,19:10 GMT,1030
1040,BA464,LHR,16:40 GMT,MAD,20:05 CET,1864
1041,BA465,MAD,20:55 CET,LHR,22:10 GMT,177
1042,BA466,LHR,08:20 GMT,BIO,11:15 CET,1242
1043,BA472,LHR,06:15 GMT,BCN,09:20 CET,135
1044,BA473,BCN,10:10 CET,LHR,11:35 GMT,365
1045,BA484,LHR,08:45 GMT,BCN,11:50 CET,348
1046,BA487,BCN,20:30 CET,LHR,21:45 GMT,1634
1047,BA489,LPA,15:40 WET,LHR,19:50 GMT,25
1048,BA48,SEA,18:25 PST,LHR,11:50 GMT,2365
1049,BA491,GIB,17:20 CET,LHR,19:20 GMT,3486
1050,BA500,LHR,07:30 GMT,LIS,10:15 WET,1257
1051,BA502,LHR,15:00 GMT,LIS,17:45 WET,89
1052,BA52,SEA,13:35 PST,LHR,07:05 GMT,2033
1053,BA53,LHR,09:40 GMT,SEA,11:35 PST,1058
1054,BA540,LHR,08:35 GMT,BLQ,11:45 CET,37
1055,BA541,BLQ,12:40 CET,LHR,14:05 GMT,35
1056,BA545,BLQ,18:45 CET,LHR,20:10 GMT,35
1057,BA549,FCO,11:40 CET,LHR,13:30 GMT,33
1058,BA54,JNB,22:05 SAST,LHR,07:30 GMT,2023
1059,BA551,FCO,08:15 CET,LHR,10:00 GMT,2114
1060,BA554,LHR,09:30 GMT,FCO,13:10 CET,141
1061,BA557,FCO,18:40 CET,LHR,20:15 GMT,581
1062,BA55,LHR,18:10 GMT,JNB,07:15 SAST,2408
1063,BA562,LHR,11:45 GMT,LIN,14:45 CET,1866
1064,BA575,LIN,16:35 CET,LHR,17:35 GMT,1282
1065,BA576,LHR,09:20 GMT,LIN,12:20 CET,73
1066,BA577,LIN,13:15 CET,LHR,14:25 GMT,389
1067,BA590,LHR,19:50 GMT,MXP,22:45 CET,2739
1068,BA6201,JNB,07:00 SAST,DUR,08:05 SAST,139
1069,BA6230,PLZ,19:45 SAST,JNB,21:20 SAST,2241
1070,BA6233,JNB,08:10 SAST,PLZ,09:50 SAST,3116
1071,BA6234,PLZ,10:25 SAST,JNB,12:00 SAST,130
1072,BA6249,JNB,06:05 SAST,PLZ,07:45 SAST,547
1073,BA6300,DUR,06:20 SAST,CPT,08:30 SAST,274
1074,BA631,ATH,08:00 EET,LHR,10:05 GMT,1405
1075,BA641,ATH,14:15 EET,LHR,16:20 GMT,3768
1076,BA6438,CPT,19:00 SAST,JNB,21:00 SAST,1008
1077,BA64,NBO,00:15 EAT,LHR,06:15 GMT,6
1078,BA65,LHR,10:10 GMT,NBO,21:50 EAT,564
1079,BA669,RAK,16:20 WET,LHR,18:45 GMT,826
1080,BA676,LHR,09:55 GMT,IST,16:50 EET,18
1081,BA680,LHR,16:15 GMT,IST,23:10 EET,1431
1082,BA684,LHR,08:35 GMT,INN,11:35 CET,452
1083,BA696,LHR,08:05 GMT,VIE,11:25 CET,1110
1084,BA699,VIE,07:50 CET,LHR,09:30 GMT,163
1085,BA6,NRT,12:35 JST,LHR,16:15 GMT,662
1086,BA700,LHR,09:25 GMT,VIE,12:50 CET,822
1087,BA703,VIE,16:55 CET,LHR,18:20 GMT,619
1088,BA708,LHR,17:30 GMT,ZRH,20:15 CET,270
1089,BA709,ZRH,07:00 CET,LHR,07:55 GMT,1040
1090,BA711,ZRH,10:30 CET,LHR,11:30 GMT,2316
1091,BA713,ZRH,13:00 CET,LHR,14:00 GMT,254
1092,BA722,LHR,14:00 GMT,GVA,16:40 CET,47
1093,BA726,LHR,08:40 GMT,GVA,11:20 CET,745
1094,BA728,LHR,09:40 GMT,GVA,12:25 CET,173
1095,BA72,AUH,02:05 GST,LHR,06:15 GMT,1327
1096,BA730,LHR,11:50 GMT,GVA,14:30 CET,1697
1097,BA733,GVA,16:35 CET,LHR,17:15 GMT,2262
1098,BA74,LOS,23:20 WAT,LHR,04:50 GMT,3187
1099,BA751,BSL,07:00 CET,LHR,07:45 GMT,1375
1100,BA753,BSL,11:00 CET,LHR,11:50 GMT,41
1101,BA754,LHR,12:00 GMT,BSL,14:40 CET,624
1102,BA756,LHR,18:55 GMT,BSL,21:30 CET,695
1103,BA768,LHR,16:05 GMT,OSL,19:25 CET,2920
1104,BA768,LHR,16:15 GMT,OSL,19:35 CET,372
1105,BA780,LHR,13:25 GMT,ARN,17:00 CET,1264
1106,BA784,LHR,17:00 GMT,ARN,20:30 CET,150
1107,BA78,ACC,23:00 GMT,LHR,05:30 GMT,1079
1108,BA794,LHR,11:05 GMT,HEL,16:10 EET,3465
1109,BA796,LHR,16:35 GMT,GVA,19:15 CET,2592
1110,BA797,GVA,18:55 CET,LHR,19:35 GMT,872
1111,BA798,LHR,18:15 GMT,HEL,23:20 EET,3324
1112,BA807,BLL,18:15 CET,LHR,19:10 GMT,975
1113,BA811,CPH,07:05 CET,LHR,08:10 GMT,24
1114,BA813,CPH,10:30 CET,LHR,11:45 GMT,669
1115,BA815,CPH,12:45 CET,LHR,13:55 GMT,633
1116,BA816,LHR,11:20 GMT,CPH,14:15 CET,1630
1117,BA819,CPH,18:05 CET,LHR,19:05 GMT,368
1118,BA81,LHR,13:15 GMT,ACC,19:50 GMT,1549
1119,BA8201,BLL,08:00 CET,DUS,09:15 CET,858
1120,BA8202,DUS,09:45 CET,BLL,11:00 CET,3156
1121,BA820,LHR,16:10 GMT,CPH,19:10 CET,1024
1122,BA827,DUB,17:40 GMT,LHR,19:05 GMT,759
1123,BA8281,AAR,08:10 CET,GOT,08:45 CET,567
1124,BA8282,GOT,09:10 CET,AAR,09:45 CET,222
1125,BA828,LHR,18:20 GMT,DUB,19:45 GMT,1198
1126,BA832,LHR,06:25 GMT,DUB,07:50 GMT,4393
1127,BA833,DUB,08:45 GMT,LHR,10:15 GMT,2326
1128,BA838,LHR,17:00 GMT,DUB,18:25 GMT,1710
1129,BA83,LHR,22:40 GMT,ABV,05:50 WAT,719
1130,BA8450,AMS,07:15 CET,LCY,07:20 GMT,67
1131,BA8499,BAH,23:15 AST,DMM,00:45 AST,335
1132,BA852,LHR,10:25 GMT,PRG,13:30 CET,44
1133,BA853,PRG,07:00 CET,LHR,08:20 GMT,398
1134,BA859,PRG,14:20 CET,LHR,15:35 GMT,1730
1135,BA860,LHR,17:30 GMT,PRG,20:35 CET,1861
1136,BA861,PRG,20:45 CET,LHR,21:55 GMT,76
1137,BA862,LHR,16:05 GMT,BUD,19:35 CET,1344
1138,BA863,BUD,20:25 CET,LHR,22:10 GMT,77
1139,BA865,BUD,08:15 CET,LHR,10:10 GMT,723
1140,BA868,LHR,08:10 GMT,BUD,11:40 CET,362
1141,BA882,LHR,07:50 GMT,KBP,13:05 EET,3850
1142,BA883,KBP,13:50 EET,LHR,15:40 GMT,68
1143,BA885,OTP,08:25 EET,LHR,10:10 GMT,6841
1144,BA8922F,DOH,22:50 AST,STN,03:10 GMT,10
1145,BA8924F,DOH,02:40 AST,STN,07:00 GMT,128
1146,BA894,LHR,07:10 GMT,KEF,10:25 GMT,186
1147,BA904,LHR,11:40 GMT,FRA,14:20 CET,2760
1148,BA908,LHR,14:10 GMT,FRA,16:55 CET,426
1149,BA909,FRA,17:40 CET,LHR,18:25 GMT,268
1150,BA912,LHR,16:40 GMT,FRA,19:20 CET,799
1151,BA917,STR,10:40 CET,LHR,11:35 GMT,107
1152,BA919,STR,19:40 CET,LHR,20:25 GMT,168
1153,BA92,YYZ,18:20 EST,LHR,06:25 GMT,5391
1154,BA935,DUS,07:10 CET,LHR,07:40 GMT,964
1155,BA936,LHR,07:10 GMT,DUS,09:30 CET,2846
1156,BA938,LHR,09:20 GMT,DUS,11:45 CET,1312
1157,BA93,LHR,11:40 GMT,YYZ,14:45 EST,441
1158,BA94,YUL,20:55 EST,LHR,08:30 GMT,1319
1159,BA951,MUC,12:40 CET,LHR,13:55 GMT,1720
1160,BA954,LHR,14:05 GMT,MUC,17:00 CET,1448
1161,BA955,MUC,17:50 CET,LHR,19:05 GMT,152
1162,BA956,LHR,17:15 GMT,MUC,20:10 CET,327
1163,BA962,LHR,09:50 GMT,HAM,12:35 CET,454
1164,BA963,HAM,07:00 CET,LHR,07:45 GMT,27
1165,BA963,HAM,07:05 CET,LHR,07:50 GMT,234
1166,BA964,LHR,07:00 GMT,HAM,09:35 CET,337
1167,BA967,HAM,18:35 CET,LHR,19:15 GMT,4566
1168,BA971,HAJ,07:10 CET,LHR,08:00 GMT,1860
1169,BA971,HAJ,07:15 CET,LHR,08:05 GMT,227
1170,BA974,LHR,11:45 GMT,HAM,14:25 CET,1097
1171,BA975,HAM,15:20 CET,LHR,16:10 GMT,2997
1172,BA978,LHR,16:45 GMT,HAJ,19:15 CET,773
1173,BA981,TXL,07:05 CET,LHR,08:10 GMT,2231
1174,BA986,LHR,16:00 GMT,TXL,18:50 CET,80
1175,BA992,LHR,08:40 GMT,TXL,11:30 CET,28
1176,BA993,TXL,12:35 CET,LHR,13:40 GMT,12
1177,BA998,LHR,15:10 GMT,TXL,17:55 CET,67
1178,BAW25,LGW,11:55 GMT,KIN,17:00 EST,821
1179,BAW57,LHR,21:10 GMT,JNB,10:15 SAST,1329
1180,DLH1008,FRA,09:25 CET,BRU,10:25 CET,80
1181,DLH1027,CDG,08:50 CET,FRA,10:05 CET,21
1182,DLH1233,VIE,09:10 CET,FRA,10:40 CET,266
1183,DLH1376,FRA,12:05 CET,GDN,13:35 CET,1052
1184,DLH2283,BRU,09:10 CET,MUC,10:25 CET,393
1185,DLH4WF,PAD,09:35 CET,MUC,10:35 CET,609
1186,DLH730,MUC,22:30 CET,HKG,16:40 HKT,4377
1187,LH101,MUC,10:00 CET,FRA,11:05 CET,24
1188,LH1024,FRA,21:25 CET,BRU,22:25 CET,1711
1189,LH1029,CDG,11:15 CET,FRA,12:30 CET,128
1190,LH1068,FRA,21:20 CET,NCE,22:45 CET,827
1191,LH1087,MRS,11:00 CET,FRA,12:40 CET,265
1192,LH1100,FRA,21:00 CET,TLS,22:40 CET,2374
1193,LH1112,FRA,10:00 CET,MAD,12:30 CET,22
1194,LH1112,FRA,10:05 CET,MAD,12:35 CET,2537
1195,LH1146,FRA,20:50 CET,BIO,22:55 CET,1284
1196,LH1176,FRA,09:45 CET,OPO,11:30 WET,496
1197,LH1177,OPO,12:10 WET,FRA,15:55 CET,6151
1198,LH1180,FRA,20:30 CET,OPO,22:15 WET,353
1199,LH1181,OPO,06:10 WET,FRA,09:55 CET,93
1200,LH1185,ZRH,09:50 CET,FRA,10:55 CET,867
1201,LH1186,FRA,09:40 CET,ZRH,10:30 CET,707
1202,LH1215,GVA,10:55 CET,FRA,12:10 CET,2339
1203,LH1234,FRA,08:50 CET,VIE,10:10 CET,1561
1204,LH1235,VIE,11:10 CET,FRA,12:40 CET,835
1205,LH1246,FRA,21:50 CET,VIE,23:10 CET,392
1206,LH1256,FRA,21:50 CET,LNZ,22:55 CET,354
1207,LH1278,FRA,09:55 CET,ATH,13:40 EET,4858
1208,LH1285,ATH,07:05 EET,FRA,09:10 CET,4590
1209,LH1289,SKG,11:05 EET,FRA,12:45 CET,1627
1210,LH128,FRA,09:50 CET,STR,10:30 CET,1563
1211,LH1304,FRA,20:15 CET,IST,01:10 EET,155
1212,LH1334,FRA,08:35 CET,BUD,10:05 CET,637
1213,LH1342,FRA,21:20 CET,BUD,22:50 CET,336
1214,LH1364,FRA,08:30 CET,KRK,10:00 CET,372
1215,LH136,FRA,21:55 CET,STR,22:35 CET,1173
1216,LH1370,FRA,21:30 CET,KRK,23:00 CET,81
1217,LH1374,FRA,21:50 CET,WRO,23:05 CET,307
1218,LH1378,FRA,21:40 CET,GDN,23:10 CET,8
1219,LH1392,FRA,08:55 CET,PRG,09:55 CET,6224
1220,LH1423,OTP,06:25 EET,FRA,08:05 CET,313
1221,LH1424,FRA,10:55 CET,TIA,13:00 CET,1393
1222,LH1426,FRA,10:25 CET,SOF,13:40 EET,156
1223,LH145,NUE,08:45 CET,FRA,09:30 CET,1284
1224,LH156,FRA,08:55 CET,LEJ,09:50 CET,588
1225,LH1607,RZE,17:50 CET,MUC,19:20 CET,359
1226,LH1626,MUC,22:15 CET,KRK,23:35 CET,1087
1227,LH1630,MUC,11:20 CET,WRO,12:30 CET,170
1228,LH164,FRA,21:40 CET,LEJ,22:35 CET,501
1229,LH1652,MUC,09:00 CET,OTP,11:55 EET,55
1230,LH1656,MUC,22:20 CET,OTP,01:15 EET,34
1231,LH1657,OTP,06:00 EET,MUC,07:05 CET,1179
1232,LH1662,MUC,21:50 CET,TSR,00:15 EET,353
1233,LH1681,BUD,20:45 CET,MUC,22:00 CET,24
1234,LH1682,MUC,22:15 CET,BUD,23:30 CET,700
1235,LH1689,PRG,09:40 CET,MUC,10:30 CET,831
1236,LH1730,MUC,11:25 CET,SJJ,12:50 CET,341
1237,LH1750,MUC,08:30 CET,ATH,11:50 EET,435
1238,LH177,TXL,08:45 CET,FRA,09:55 CET,953
1239,LH178,FRA,09:45 CET,TXL,10:55 CET,120
1240,LH1809,BCN,09:10 CET,MUC,11:10 CET,396
1241,LH180,FRA,10:45 CET,TXL,11:55 CET,8
1242,LH1810,MUC,08:50 CET,BCN,10:50 CET,2742
1243,LH1817,BCN,08:00 CET,MUC,10:00 CET,229
1244,LH182,FRA,11:45 CET,TXL,12:55 CET,484
1245,LH1843,FCO,11:15 CET,MUC,12:45 CET,507
1246,LH1856,MUC,11:45 CET,MXP,12:50 CET,194
1247,LH185,TXL,11:45 CET,FRA,12:55 CET,37
1248,LH1948,MUC,11:30 CET,GOA,12:40 CET,150
1249,LH1996,MUC,22:20 CET,CGN,23:25 CET,35
1250,LH2010,MUC,11:30 CET,DUS,12:40 CET,564
1251,LH2024,MUC,21:30 CET,DUS,22:40 CET,2565
1252,LH2052,MUC,20:30 CET,TXL,21:40 CET,3306
1253,LH2063,HAM,09:50 CET,MUC,11:05 CET,434
1254,LH2086,MUC,21:25 CET,HAM,22:45 CET,643
1255,LH2091,HAJ,08:30 CET,MUC,09:40 CET,3
1256,LH2093,MUC,11:45 CET,MXP,12:50 CET,909
1257,LH2104,MUC,22:20 CET,HAJ,23:25 CET,664
1258,LH2201,DUS,09:50 CET,MUC,11:00 CET,12
1259,LH2201,MUC,11:40 CET,BUD,12:55 CET,1911
1260,LH2208,MUC,09:30 CET,DUS,10:40 CET,3635
1261,LH2228,MUC,09:00 CET,CDG,10:35 CET,5178
1262,LH2229,CDG,11:20 CET,MUC,12:45 CET,17
1263,LH2241,NTE,08:40 CET,MUC,10:30 CET,801
1264,LH2262,MUC,11:05 CET,MRS,12:45 CET,736
1265,LH2282,FRA,08:50 CET,WRO,10:05 CET,145
1266,LH2286,MUC,10:40 CET,BRU,12:05 CET,195
1267,LH2310,MUC,21:00 CET,AMS,22:40 CET,735
1268,LH232,FRA,10:50 CET,FCO,12:35 CET,559
1269,LH2341,GRZ,09:50 CET,MUC,10:45 CET,171
1270,LH2368,MUC,12:00 CET,ZRH,12:55 CET,187
1271,LH2384,MUC,11:15 CET,GVA,12:30 CET,1536
1272,LH2396,MUC,11:30 CET,BSL,12:25 CET,3221
1273,LH2396,MUC,11:40 CET,BSL,12:35 CET,1033
1274,LH2420,MUC,20:55 CET,ARN,23:10 CET,352
1275,LH243,FRA,10:25 CET,OSL,12:25 CET,1080
1276,LH2442,MUC,11:05 CET,CPH,12:45 CET,3920
1277,LH2452,MUC,08:25 CET,OSL,10:40 CET,852
1278,LH2505,MAN,06:50 GMT,MUC,09:45 CET,772
1279,LH2512,MUC,22:15 CET,BHX,23:20 GMT,6
1280,LH2513,BHX,07:00 GMT,MUC,09:45 CET,156
1281,LH2520,MUC,08:25 CET,GLA,09:50 GMT,1230
1282,LH2558,MUC,09:00 CET,TBS,15:50 GET,1626
1283,LH260,FRA,08:40 CET,GOA,10:05 CET,55
1284,LH2711,TXL,21:40 CET,MUC,22:50 CET,801
1285,LH271,LIN,10:35 CET,FRA,11:55 CET,165
1286,LH304,FRA,21:30 CET,TRN,22:45 CET,447
1287,LH332,FRA,21:30 CET,VCE,22:45 CET,3465
1288,LH334,FRA,10:55 CET,NAP,12:50 CET,1940
1289,LH334,FRA,11:05 CET,NAP,13:00 CET,2642
1290,LH3606,FRA,09:09 CET,FRA,10:05 CET,1442
1291,LH3608,FRA,10:09 CET,FRA,11:05 CET,7
1292,LH3628,FRA,20:09 CET,FRA,21:05 CET,626
1293,LH362,FRA,09:55 CET,PAD,10:40 CET,356
1294,LH391,LUX,08:40 CET,FRA,09:30 CET,711
1295,LH405,JFK,22:20 EST,FRA,11:45 CET,4037
1296,LH415,IAD,22:25 EST,MUC,12:40 CET,659
1297,LH455,SFO,14:55 PST,FRA,11:00 CET,5274
1298,LH460,MUC,11:55 CET,MIA,16:55 EST,3912
1299,LH50,FRA,10:00 CET,HAJ,10:50 CET,227
1300,LH515,CUN,22:40 EST,FRA,14:45 CET,1227
1301,LH520,MUC,22:40 CET,MEX,04:35 CST,1950
1302,LH569,LOS,23:40 WAT,FRA,06:10 CET,124
1303,LH573,JNB,19:40 SAST,FRA,05:25 CET,1454
1304,LH587,CAI,07:30 EET,MUC,10:35 CET,19
1305,LH591,NBO,23:10 EAT,FRA,05:40 CET,429
1306,LH595,ABV,23:10 WAT,FRA,05:35 CET,6
1307,LH599,ADD,23:45 EAT,FRA,05:25 CET,301
1308,LH625,DMM,00:20 AST,KWI,01:25 AST,3578
1309,LH62,FRA,09:10 CET,FMO,10:00 CET,88
1310,LH681,TLV,07:00 IST,MUC,10:10 CET,577
1311,LH712,FRA,17:40 CET,ICN,12:00 KST,237
1312,LH714,MUC,15:30 CET,HND,10:55 JST,2344
1313,LH716,FRA,17:55 CET,HND,13:05 JST,1643
1314,LH718,MUC,16:15 CET,ICN,10:45 KST,3242
1315,LH720,FRA,17:20 CET,PEK,09:30 CST,93
1316,LH726,MUC,22:25 CET,PVG,16:35 CST,697
1317,LH727,PVG,23:55 CST,MUC,05:25 CET,1576
1318,LH730,MUC,22:30 CET,HKG,16:40 HKT,16
1319,LH731,HKG,23:50 HKT,MUC,05:15 CET,1356
1320,LH767,BOM,01:25 IST,MUC,05:50 CET,573
1321,LH773,BKK,23:50 ICT,FRA,05:50 CET,1335
1322,LH778,FRA,21:55 CET,SIN,17:05 SRET,2435
1323,LH779,SIN,23:55 SRET,FRA,06:05 CET,2
1324,LH782,FRA,17:50 CET,SHE,11:00 CST,163
1325,LH790,MUC,22:15 CET,SIN,17:05 SRET,3141
1326,LH796,FRA,22:15 CET,HKG,16:15 HKT,1281
1327,LH797,HKG,23:45 HKT,FRA,05:15 CET,518
1328,LH8223,MEX,23:15 CST,DFW,01:40 CST,659
1329,LH8391,KIX,23:00 JST,OVB,04:00 NOVT,1173
1330,LH884,FRA,20:40 CET,TLL,23:59 EET,3354
1331,LH890,FRA,10:30 CET,RIX,13:35 EET,53
1332,LH890,FRA,10:45 CET,RIX,13:50 EET,354
1333,LH8,FRA,09:00 CET,HAM,10:05 CET,173
1334,LH900,FRA,07:55 CET,LHR,08:40 GMT,2947
1335,LH927,LCY,08:10 GMT,FRA,10:35 CET,237
1336,LH928,FRA,09:00 CET,LCY,09:30 GMT,421
1337,LH929,LCY,10:05 GMT,FRA,12:30 CET,156
1338,LH940,FRA,08:05 CET,MAN,08:50 GMT,2215
1339,LH95,FRA,10:45 CET,CPH,12:10 CET,5542
1340,TP1018,LIS,18:05 WET,MAD,20:20 CET,943
1341,TP1031,BCN,23:05 CET,OPO,23:55 WET,46
1342,TP103,LIS,09:50 WET,CNF,17:35 BRST,3713
1343,TP1047,BCN,17:45 CET,LIS,18:40 WET,113
1344,TP1067,BIO,19:40 CET,LIS,20:45 WET,6857
1345,TP1091,VLC,20:50 CET,LIS,21:25 WET,1745
1346,TP1094,LIS,17:20 WET,VLC,19:55 CET,266
1347,TP1116,LIS,09:40 WET,LPA,12:00 WET,203
1348,TP1137,AGP,10:55 CET,LIS,11:30 WET,566
1349,TP118,POA,22:10 BRST,LIS,10:45 WET,248
1350,TP11,LIS,16:40 WET,REC,21:30 BRT,785
1351,TP1200,LIS,22:55 WET,DME,07:25 MSK,2152
1352,TP1205,WAW,14:55 CET,LIS,18:05 WET,1886
1353,TP1250,LIS,23:55 WET,BUD,04:25 CET,639
1354,TP1256,LIS,23:10 WET,OTP,05:10 EET,2502
1355,TP1318,LIS,16:05 WET,MAN,19:00 GMT,210
1356,TP1334,OPO,09:50 WET,LGW,12:10 GMT,70
1357,TP1335,LGW,20:45 GMT,OPO,23:00 WET,4142
1358,TP1346,LIS,16:25 WET,LCY,19:20 GMT,7
1359,TP1352,LIS,09:45 WET,LHR,12:40 GMT,268
1360,TP1357,LHR,18:30 GMT,LIS,21:05 WET,1995
1361,TP1449,FEZ,17:35 WET,LIS,18:40 WET,11
1362,TP1478,OXB,23:35 GMT,LIS,03:35 WET,46
1363,TP1482,DSS,02:00 GMT,LIS,06:00 WET,809
1364,TP1512,ABJ,00:15 GMT,LIS,05:30 WET,1423
1365,TP1528,ACC,22:20 GMT,LIS,04:00 WET,318
1366,TP1544,RAI,01:20 CVT,LIS,06:25 WET,507
1367,TP1546,RAI,13:40 CVT,LIS,18:45 WET,624
1368,TP1548,SID,00:55 CVT,LIS,05:45 WET,1204
1369,TP1554,VXE,13:40 CVT,LIS,18:40 WET,273
1370,TP1686,FNC,17:15 WET,LIS,18:55 WET,416
1371,TP1687,LIS,17:10 WET,FNC,18:55 WET,1790
1372,TP1688,FNC,21:35 WET,LIS,23:15 WET,206
1373,TP1690,FNC,05:10 WET,LIS,06:50 WET,524
1374,TP1693,LIS,23:15 WET,FNC,01:00 WET,2475
1375,TP16,REC,23:55 BRT,LIS,10:15 WET,138
1376,TP1713,OPO,22:15 WET,FNC,00:10 WET,1615
1377,TP1865,LIS,22:20 WET,PDL,23:45 AZOT,2595
1378,TP1866,PDL,15:35 AZOT,OPO,18:50 WET,687
1379,TP1901,LIS,22:40 WET,FAO,23:25 WET,168
1380,TP1902,FAO,17:10 WET,LIS,17:55 WET,3997
1381,TP1907,LIS,09:45 WET,FAO,10:30 WET,321
1382,TP1943,OPO,05:00 WET,LIS,05:55 WET,4083
1383,TP1956,LIS,21:00 WET,OPO,21:55 WET,4641
1384,TP1958,LIS,22:00 WET,OPO,22:55 WET,551
1385,TP1962,LIS,17:00 WET,OPO,18:05 WET,1965
1386,TP1968,LIS,22:35 WET,OPO,23:30 WET,1008
1387,TP1971,OPO,21:00 WET,LIS,22:05 WET,1850
1388,TP208,JFK,23:30 EST,LIS,11:10 WET,387
1389,TP217,LIS,10:55 WET,BOS,13:30 EST,503
1390,TP22,SSA,23:50 BRT,LIS,10:50 WET,1153
1391,TP262,YYZ,22:55 EST,LIS,10:50 WET,82
1392,TP286,LAD,22:30 WAT,LIS,05:20 WET,15
1393,TP29,LIS,16:30 WET,SSA,22:05 BRT,163
1394,TP34,FOR,23:50 BRT,LIS,09:50 WET,167
1395,TP35,LIS,16:30 WET,FOR,21:10 BRT,981
1396,TP40,BEL,22:55 BRT,LIS,09:25 WET,584
1397,TP438,LIS,16:20 WET,ORY,19:50 CET,745
1398,TP441,ORY,08:00 CET,LIS,09:25 WET,546
1399,TP446,LIS,19:40 WET,ORY,23:05 CET,584
1400,TP456,OPO,16:00 WET,ORY,19:10 CET,37
1401,TP458,OPO,19:10 WET,ORY,22:15 CET,256
1402,TP532,LIS,18:20 WET,TXL,22:50 CET,69
1403,TP553,MUC,19:35 CET,LIS,21:50 WET,181
1404,TP564,LIS,18:15 WET,HAM,22:40 CET,233
1405,TP586,LIS,14:45 WET,CGN,18:45 CET,601
1406,TP589,CGN,19:30 CET,LIS,21:35 WET,63
1407,TP594,LIS,19:00 WET,STR,23:00 CET,1525
1408,TP596,LIS,14:10 WET,STR,18:10 CET,56
1409,TP59,LIS,09:50 WET,BSB,17:30 BRST,35
1410,TP679,AMS,16:45 CET,OPO,18:25 WET,3390
1411,TP746,LIS,22:00 WET,HEL,04:50 EET,1948
1412,TP756,LIS,10:10 WET,CPH,14:55 CET,763
1413,TP757,CPH,15:40 CET,LIS,18:20 WET,388
1414,TP75,LIS,23:30 WET,GIG,07:30 BRST,37
1415,TP789,ARN,15:10 CET,LIS,18:30 WET,246
1416,TP817,MXP,22:10 CET,OPO,23:55 WET,2285
1417,TP819,MXP,10:50 CET,OPO,12:35 WET,420
1418,TP841,FCO,14:25 CET,LIS,16:30 WET,3858
1419,TP843,FCO,19:35 CET,LIS,21:40 WET,408
1420,TP846,LIS,09:35 WET,FCO,13:35 CET,369
1421,TP864,LIS,15:35 WET,VCE,19:30 CET,1538
1422,TP87,LIS,23:20 WET,GRU,07:20 BRST,1715
1423,TP88,GRU,22:25 BRST,LIS,10:15 WET,722
1424,TP938,OPO,09:40 WET,GVA,12:55 CET,101
1425,TP942,OPO,16:05 WET,GVA,19:20 CET,270
1426,TP944,LIS,19:45 WET,GVA,23:15 CET,3133
1427,FLIGHT,DEPARTURE,STD,ARRIVAL,STA,2824
1428,UA1016,IAH,12:11 CST,CUN,15:24 EST,434
1429,UA1017,CUN,14:37 EST,IAH,16:05 CST,380
1430,UA1023,PHX,00:45 MST,ORD,04:59 CST,4
1431,UA1037,RIC,07:30 EST,ORD,08:37 CST,1536
1432,UA1042,EWR,10:00 EST,AUA,15:54 AST,83
1433,UA1052,ORD,19:39 CST,LAX,22:18 PST,482
1434,UA1078,BOS,06:10 EST,EWR,07:27 EST,1095
1435,UA107,MUC,12:10 CET,IAD,15:35 EST,633
1436,UA1083,ORD,15:52 CST,IAH,18:39 CST,5884
1437,UA1107,SFO,10:40 PST,PHX,13:35 MST,1057
1438,UA110,EWR,18:10 EST,LHR,06:20 GMT,274
1439,UA1142,ORD,06:00 CST,ATL,08:54 EST,430
1440,UA1145,SFO,22:34 PST,CUN,06:45 EST,2867
1441,UA1147,KOA,21:35 HST,LAX,04:53 PST,327
1442,UA1152,SFO,22:34 PST,ATL,06:06 EST,425
1443,UA115,SFO,14:00 PST,PPT,20:40 TAHT,1763
1444,UA1174,EWR,06:59 EST,PHX,10:27 MST,80
1445,UA1195,EWR,20:00 EST,LAX,23:11 PST,1024
1446,UA1197,SFO,00:50 PST,IAH,06:24 CST,828
1447,UA1206,SFO,22:30 PST,CLE,05:57 EST,480
1448,UA1241,LAX,13:30 PST,IAH,18:38 CST,353
1449,UA1271,DCA,06:00 EST,ORD,07:05 CST,1210
1450,UA128,GIG,23:05 BRST,IAH,05:40 CST,2162
1451,UA1434,DFW,11:58 CST,IAH,13:09 CST,4551
1452,UA143,DEN,12:10 MST,NRT,16:30 JST,1864
1453,UA1443,ORF,06:30 EST,IAD,07:27 EST,2182
1454,UA1445,PIT,06:12 EST,ORD,06:51 CST,323
1455,UA1464,MIA,16:26 EST,ORD,18:38 CST,1386
1456,UA1478,LGA,13:00 EST,ORD,14:29 CST,170
1457,UA1479,SAN,10:37 PST,DEN,13:53 MST,6313
1458,UA148,GRU,23:00 BRST,EWR,05:50 EST,868
1459,UA1491,IAH,12:14 CST,PVR,14:52 CST,238
1460,UA149,EWR,22:00 EST,GRU,10:40 BRST,400
1461,UA14,EWR,18:45 EST,LHR,06:55 GMT,372
1462,UA1533,ORD,06:00 CST,RDU,08:52 EST,1828
1463,UA1535,PHL,15:45 EST,DEN,18:05 MST,695
1464,UA1557,OGG,22:30 HST,SFO,05:19 PST,45
1465,UA160,MUC,11:40 CET,IAH,16:40 CST,35
1466,UA1633,ORD,12:45 CST,DCA,15:35 EST,8
1467,UA1656,ORD,07:50 CST,CUN,12:39 EST,278
1468,UA1680,IAH,16:40 CST,TPA,19:45 EST,2080
1469,UA1682,ORD,12:59 CST,MSP,14:32 CST,60
1470,UA1701,LAX,21:40 PST,BWI,05:39 EST,154
1471,UA1703,PVR,15:52 CST,IAH,18:10 CST,136
1472,UA1727,IAD,12:30 EST,LAS,14:33 PST,2093
1473,UA1737,IAH,18:30 CST,LIR,22:00 CST,399
1474,UA1746,LIH,21:57 HST,SFO,05:04 PST,292
1475,UA1756,SFO,20:57 PST,PHX,23:52 MST,1080
1476,UA1765,IAH,21:59 CST,LAS,23:20 PST,1245
1477,UA176,TKK,22:27 CHUT,PNI,00:50 PONT,734
1478,UA1786,LAX,22:39 PST,CLE,05:58 EST,190
1479,UA1796,SFO,22:00 PST,EWR,06:12 EST,309
1480,UA1805,IAH,22:15 CST,GUA,01:02 CST,1720
1481,UA1813,IAH,21:31 CST,LAX,23:11 PST,713
1482,UA1827,SAN,21:20 PST,EWR,05:10 EST,976
1483,UA1849,RDU,05:50 EST,EWR,07:19 EST,648
1484,UA1879,ORD,09:09 CST,SJD,12:50 MST,583
1485,UA1887,DEN,17:45 MST,BDL,23:22 EST,123
1486,UA1907,GUA,01:59 CST,IAH,05:03 CST,3420
1487,UA1916,SAN,21:55 PST,IAD,05:28 EST,5614
1488,UA1918,ORD,12:30 CST,LGA,15:40 EST,103
1489,UA1920,AUS,05:35 CST,IAH,06:26 CST,16
1490,UA193,GUM,19:55 ChST,ROR,21:00 PWT,134
1491,UA1977,IAH,20:00 CST,SEA,22:54 PST,759
1492,UA197,NRT,17:45 JST,GUM,22:40 ChST,471
1493,UA198,LAX,12:50 PST,PVG,18:45 CST,150
1494,UA1999,LAS,22:55 PST,EWR,06:42 EST,2007
1495,UA19,EWR,18:30 EST,MXP,08:25 CET,4132
1496,UA2012,PDX,23:25 PST,ORD,05:05 CST,2692
1497,UA2077,BOS,06:40 EST,EWR,07:59 EST,385
1498,UA20,IAH,16:05 CST,AMS,08:15 CET,227
1499,UA2116,CLE,06:30 EST,ORD,06:59 CST,796
1500,UA2116,ORD,10:12 CST,IAH,12:57 CST,160
1501,UA2139,EWR,05:15 EST,ORD,06:39 CST,190
1502,UA2160,SFO,17:00 PST,EWR,01:12 EST,2
1503,UA2169,ORD,15:40 CST,DFW,18:09 CST,1888
1504,UA218,HNL,17:05 HST,ORD,05:02 CST,1120
1505,UA2218,OMA,05:15 CST,ORD,06:54 CST,429
1506,UA2234,DEN,17:45 MST,SEA,19:44 PST,488
1507,UA2253,RDU,06:15 EST,IAD,07:15 EST,2023
1508,UA2272,DEN,17:45 MST,ORF,23:09 EST,1839
1509,UA2275,EWR,20:20 EST,SAN,23:17 PST,1990
1510,UA2294,EWR,06:30 EST,BOS,07:33 EST,175
1511,UA2298,CHS,07:00 EST,EWR,08:56 EST,567
1512,UA2339,MSY,12:25 CST,IAD,15:41 EST,758
1513,UA2360,SFO,22:40 PST,BOS,07:11 EST,347
1514,UA2366,SFO,22:30 PST,LAS,23:59 PST,3003
1515,UA2371,SFO,21:13 PST,PDX,22:59 PST,527
1516,UA2386,FLL,16:22 EST,ORD,18:37 CST,2117
1517,UA23,EWR,19:35 EST,DUB,07:00 GMT,1747
1518,UA2408,EWR,15:38 EST,MCO,18:31 EST,1846
1519,UA2410,LAX,22:35 PST,MCO,06:21 EST,1042
1520,UA2414,YVR,19:17 PST,SFO,21:41 PST,279
1521,UA2417,PDX,22:10 PST,EWR,06:04 EST,140
1522,UA2417,PDX,22:10 PST,EWR,06:06 EST,278
1523,UA253,IAH,09:40 CST,HNL,14:15 HST,511
1524,UA257,SFO,22:30 PST,LAX,23:59 PST,182
1525,UA281,AUS,16:11 CST,IAH,17:22 CST,1646
1526,UA287,ORD,10:25 CST,YVR,13:07 PST,148
1527,UA28,SIN,22:20 SRET,SFO,20:55 PST,32
1528,UA291,SFO,07:25 PST,IAD,15:12 EST,234
1529,UA303,DEN,10:10 MST,LGA,15:50 EST,247
1530,UA306,DEN,11:37 MST,IAH,14:55 CST,3673
1531,UA325,TPA,13:40 EST,IAD,15:44 EST,650
1532,UA3416,BUF,06:00 EST,EWR,07:24 EST,94
1533,UA3443,CMH,06:15 EST,ORD,06:55 CST,1588
1534,UA3468,IAH,12:30 CST,CHS,15:53 EST,397
1535,UA3481,DCA,14:45 EST,ORD,16:00 CST,1735
1536,UA3505,IAH,12:05 CST,SDF,15:26 EST,397
1537,UA3515,CMH,06:00 EST,EWR,07:45 EST,3904
1538,UA3518,IAH,12:30 CST,JAX,15:40 EST,226
1539,UA3536,PVD,06:15 EST,EWR,07:36 EST,1070
1540,UA3552,ORD,07:45 CST,BUF,10:23 EST,25
1541,UA3566,LFT,05:29 CST,IAH,06:39 CST,3106
1542,UA3570,DFW,09:46 CST,EWR,14:11 EST,813
1543,UA3591,IND,06:40 EST,ORD,06:50 CST,735
1544,UA3593,CVG,05:45 EST,EWR,07:46 EST,1243
1545,UA3600,EWR,06:15 EST,PIT,07:45 EST,2650
1546,UA3605,IAH,21:35 CST,DFW,22:49 CST,5545
1547,UA3629,CHS,15:30 EST,EWR,17:36 EST,36
1548,UA3731,HRL,05:30 CST,IAH,06:45 CST,1107
1549,UA3756,DTW,06:00 EST,EWR,07:45 EST,386
1550,UA3764,ORD,12:50 CST,SGF,14:44 CST,450
1551,UA3824,DAY,06:00 EST,ORD,06:23 CST,1226
1552,UA386,DEN,17:45 MST,BOS,23:27 EST,646
1553,UA389,BOS,06:00 EST,IAD,07:34 EST,33
1554,UA3939,ORD,07:00 CST,TYS,09:43 EST,240
1555,UA396,HNL,22:00 HST,SFO,04:51 PST,2543
1556,UA399,IAD,22:30 EST,BDL,23:51 EST,953
1557,UA406,IAD,22:15 EST,BNA,23:08 CST,299
1558,UA4086,IND,07:00 EST,EWR,09:00 EST,744
1559,UA4112,PIA,13:55 CST,ORD,14:55 CST,774
1560,UA411,LAX,22:35 PST,IAD,06:14 EST,3691
1561,UA4226,ROC,07:00 EST,EWR,08:24 EST,4131
1562,UA430,MSY,12:15 CST,ORD,14:41 CST,465
1563,UA4323,YQB,07:00 EST,EWR,09:09 EST,1357
1564,UA448,LAS,23:25 PST,ORD,04:49 CST,22
1565,UA4638,SAF,07:40 MST,DEN,09:07 MST,814
1566,UA4651,ORD,15:45 CST,LIT,17:45 CST,18
1567,UA4656,ICT,15:10 CST,ORD,17:10 CST,2870
1568,UA468,MSY,05:30 CST,IAH,06:45 CST,38
1569,UA46,IAH,19:00 CST,FRA,11:40 CET,341
1570,UA4748,ORD,17:57 CST,CAK,20:23 EST,14
1571,UA4794,ORD,09:10 CST,MLI,10:08 CST,475
1572,UA4843,IAD,22:05 EST,GSO,23:37 EST,463
1573,UA4863,ORD,22:38 CST,MKE,23:25 CST,180
1574,UA4866,IAD,22:15 EST,ORD,23:20 CST,780
1575,UA4886,CHS,11:15 EST,EWR,13:21 EST,314
1576,UA489,DEN,15:25 MST,IAH,18:44 CST,391
1577,UA489,LAX,09:43 PST,DEN,13:01 MST,1455
1578,UA495,IAD,17:05 EST,MSY,18:50 CST,338
1579,UA5173,DEN,12:35 MST,LAR,13:20 MST,2459
1580,UA5183,DFW,14:16 CST,SFO,16:30 PST,1272
1581,UA5188,ABE,05:40 EST,ORD,07:05 CST,2129
1582,UA5230,CHS,06:45 EST,IAH,08:28 CST,32
1583,UA524,BUF,08:10 EST,ORD,09:14 CST,507
1584,UA5264,CID,14:45 CST,ORD,16:00 CST,427
1585,UA531,DCA,07:45 EST,ORD,08:50 CST,3143
1586,UA531,LAX,13:42 PST,LAS,14:51 PST,5770
1587,UA531,ORD,10:00 CST,LAX,12:33 PST,2888
1588,UA534,HNL,21:45 HST,LAX,05:05 PST,1136
1589,UA535,SFO,11:00 PST,EWR,19:23 EST,2819
1590,UA5437,DEN,18:20 MST,DFW,21:17 CST,171
1591,UA5487,BNA,06:15 CST,ORD,08:15 CST,1539
1592,UA5504,MFR,14:06 PST,SFO,15:30 PST,3030
1593,UA5506,ORD,07:58 CST,OKC,10:25 CST,615
1594,UA550,BNA,13:00 CST,ORD,14:45 CST,2121
1595,UA5523,SFO,22:35 PST,ACV,23:59 PST,2
1596,UA5532,SFO,10:40 PST,DFW,16:23 CST,153
1597,UA5577,TUL,12:50 CST,ORD,14:54 CST,671
1598,UA5583,ORD,15:53 CST,CID,17:04 CST,242
1599,UA5605,DFW,16:59 CST,DEN,18:18 MST,929
1600,UA5648,SFO,20:28 PST,ABQ,23:58 MST,307
1601,UA5649,SFO,20:45 PST,GEG,22:49 PST,2524
1602,UA5677,SLC,08:40 MST,ORD,13:05 CST,829
1603,UA574,DEN,11:24 MST,MSO,13:38 MST,5878
1604,UA5778,DSM,18:50 CST,ORD,20:15 CST,110
1605,UA5807,ORD,09:00 CST,DCA,12:04 EST,781
1606,UA5840,LAX,22:40 PST,SAN,23:31 PST,1704
1607,UA5850,SFO,22:30 PST,MRY,23:30 PST,150
1608,UA5924,MRY,08:00 PST,DEN,11:42 MST,840
1609,UA5953,MCI,17:17 CST,DEN,18:24 MST,8
1610,UA595,BDL,13:15 EST,ORD,14:51 CST,151
1611,UA5994,DFW,06:00 CST,SFO,08:20 PST,1922
1612,UA6043,CHS,13:45 EST,IAH,15:33 CST,1329
1613,UA605,DCA,06:45 EST,ORD,07:55 CST,674
1614,UA6069,IAD,22:25 EST,RDU,23:31 EST,1613
1615,UA608,ORD,10:00 CST,DCA,12:49 EST,3014
1616,UA6120,IAH,22:15 CST,AUS,23:11 CST,7026
1617,UA614,DFW,12:27 CST,ORD,14:43 CST,57
1618,UA6194,DFW,15:50 CST,IAH,17:02 CST,1027
1619,UA619,IAH,18:20 CST,SEA,21:12 PST,2146
1620,UA619,SEA,23:20 PST,ORD,05:05 CST,959
1621,UA6200,IAH,12:00 CST,DFW,13:12 CST,4250
1622,UA6259,DFW,14:10 CST,IAH,15:17 CST,2140
1623,UA6337,IAD,22:05 EST,LGA,23:22 EST,462
1624,UA6359,IAD,22:20 EST,DTW,23:48 EST,175
1625,UA637,EWR,09:00 EST,SFO,12:35 PST,100
1626,UA654,ORD,06:00 CST,MCO,09:38 EST,1101
1627,UA658,SFO,22:30 PST,ONT,23:57 PST,1174
1628,UA665,EWR,20:10 EST,LAS,22:52 PST,194
1629,UA689,IAD,22:15 EST,MCO,00:28 EST,28
1630,UA705,SFO,18:28 PST,ORD,00:23 CST,3459
1631,UA710,DEN,15:35 MST,SAN,16:57 PST,1973
1632,UA775,DEN,16:10 MST,LAS,17:07 PST,806
1633,UA794,SFO,12:30 PST,ORD,18:41 CST,5893
1634,UA818,EZE,22:20 ART,IAH,05:45 CST,457
1635,UA819,IAH,22:20 CST,EZE,11:20 ART,1118
1636,UA81,EWR,19:20 EST,MAN,07:15 GMT,2189
1637,UA837,SFO,11:10 PST,NRT,15:30 JST,249
1638,UA850,PEK,12:15 CST,ORD,11:15 CST,3789
1639,UA855,LIM,01:30 PET,IAH,06:55 CST,1024
1640,UA859,IAH,09:45 CST,DFW,11:02 CST,1382
1641,UA861,IAD,22:25 EST,GRU,11:15 BRST,732
1642,UA873,GUM,17:10 ChST,NRT,19:55 JST,124
1643,UA880,IAH,16:25 CST,LHR,07:25 GMT,4826
1644,UA887,LIM,23:55 PET,EWR,07:50 EST,3557
1645,UA89,EWR,12:05 EST,PEK,15:00 CST,36
1646,UA919,LHR,12:20 GMT,IAD,15:40 EST,509
1647,UA924,IAD,22:05 EST,LHR,10:15 GMT,2205
1648,UA929,LHR,10:25 GMT,ORD,13:35 CST,444
1649,UA932,IAD,22:05 EST,FRA,11:50 CET,1973
1650,UA953,MUC,11:25 CET,ORD,14:20 CST,351
1651,UA962,EWR,18:10 EST,TXL,07:55 CET,1402
1652,UA973,BRU,11:05 CET,ORD,13:30 CST,885
1653,UA978,EZE,21:00 ART,EWR,05:50 EST,40
1654,UA98,LAX,22:35 PST,MEL,09:25 AEDT,39
1655,UA991,IAH,21:32 CST,SAN,22:53 PST,886
